timestamp,alarm_frontend_cpu__frontend,alarm_frontend_probe_duration,alarm_frontend_probe_success,cpu__adservice,cpu__cartservice,cpu__checkoutservice,cpu__currencyservice,cpu__emailservice,cpu__frontend,cpu__loadgenerator,cpu__paymentservice,cpu__productcatalogservice,cpu__recommendationservice,cpu__redis-cart,cpu__shippingservice,fs_reads__frontend,fs_reads__productcatalogservice,fs_reads__redis-cart,fs_reads__shippingservice,fs_writes__frontend,fs_writes__productcatalogservice,fs_writes__redis-cart,fs_writes__shippingservice,memory__adservice,memory__cartservice,memory__checkoutservice,memory__currencyservice,memory__emailservice,memory__frontend,memory__loadgenerator,memory__paymentservice,memory__productcatalogservice,memory__recommendationservice,memory__redis-cart,memory__shippingservice,restart__adservice__server,restart__cartservice__server,restart__checkoutservice__server,restart__currencyservice__server,restart__emailservice__server,restart__frontend__server,restart__loadgenerator__main,restart__paymentservice__server,restart__productcatalogservice__server,restart__recommendationservice__server,restart__redis-cart__redis,restart__shippingservice__server,running__adservice,running__cartservice,running__checkoutservice,running__currencyservice,running__emailservice,running__frontend,running__loadgenerator,running__paymentservice,running__productcatalogservice,running__recommendationservice,running__redis-cart,running__shippingservice
1780600484,0.01579655886570012,0.015676985,1,0.00259825436408981,0.00672569570871282,0.00060539220981225,0.00641551919413457,0.001951708766716238,0.01579655886570012,0.0037130653459264517,0.0009182787541619265,0.006834063227042721,0.005478164601686426,0.0022128717922555246,0.0008977076984232408,0,0,0,0,0,0,0,0,92168192,52895744,9547776,95629312,43446272,15200256,50520064,24739840,9666560,42479616,5693440,8982528,0,0,0,0,0,0,0,0,0,0,0,0,1,1,1,1,1,1,1,1,1,1,1,1
1780600499,0.016397025933856713,0.014209711,1,0.002766529137672675,0.007178295431899225,0.0007929408564368751,0.00840707325084832,0.0019942514423276847,0.016397025933856713,0.003888735128883,0.0003514812775330418,0.007834113300492817,0.005763984112125988,0.0022093584905660173,0.0011966543052811395,0,0,0,0,0,0,0,0,92180480,52895744,9547776,95457280,43446272,15261696,50520064,24739840,9666560,42487808,5693440,9252864,0,0,0,0,0,0,0,0,0,0,0,0,1,1,1,1,1,1,1,1,1,1,1,1
1780600514,0.017682745052655855,0.021777349,1,0.0023234418231355847,0.00863762637110844,0.001074505449683888,0.00938015437215091,0.0020590440487347965,0.017682745052655855,0.003822843419372955,0.0004996983879355154,0.007024852916996878,0.00583359113173491,0.0022514383969313633,0.001286253081103562,0,0,0,0,0,0,0,0,92176384,52842496,9547776,95350784,43446272,15417344,50532352,25083904,9666560,42479616,5693440,9396224,0,0,0,0,0,0,0,0,0,0,0,0,1,1,1,1,1,1,1,1,1,1,1,1
1780600529,0.01756387237906572,0.015685065,1,0.0023663615330450113,0.007652450587119834,0.0010286125291651563,0.007556803736423937,0.0017226327068862886,0.01756387237906572,0.003715278452716358,0.0005840024162492729,0.007677303410186821,0.0057981732339053215,0.0023894187810402146,0.0012306633315882253,0,0,0,0,0,0,85.1152255678158,0,92176384,52846592,9547776,95993856,43446272,15261696,50532352,25313280,9601024,42479616,5693440,9433088,0,0,0,0,0,0,0,0,0,0,0,0,1,1,1,1,1,1,1,1,1,1,1,1
1780600544,0.016937620674290547,0.019816033,1,0.002249020718297237,0.00756453384042643,0.0008054287867887998,0.00921411608245481,0.0020902846794319863,0.016937620674290547,0.003443153964217936,0.00035186788187418865,0.006507125407165826,0.0054482060185185,0.0023827767710760035,0.0010074535311682287,0,0,0,0,0,0,88.35965139356286,0,92176384,52846592,9547776,95993856,43446272,15740928,50532352,25432064,9605120,42491904,5693440,9474048,0,0,0,0,0,0,0,0,0,0,0,0,1,1,1,1,1,1,1,1,1,1,1,1
1780600559,0.01660813515050689,0.019898481,1,0.002443013779196754,0.006186271228980142,0.0008156777639988495,0.008957366759306523,0.0020198745366410303,0.01660813515050689,0.0034152019876690642,0.000722556355370337,0.006726646842071021,0.005309004309367357,0.0023202541903015587,0.0010385434008387208,0,0,0,0,0,0,87.34592911673136,0,92307456,52834304,9297920,95473664,43446272,15151104,50544640,24870912,9605120,42479616,5693440,8912896,0,0,0,0,0,0,0,0,0,0,0,0,1,1,1,1,1,1,1,1,1,1,1,1
1780600574,0.017556002009040825,0.015412409,1,0.0020706393077491053,0.0070518589655643405,0.0009257571755590787,0.00917647058823532,0.002078131888079223,0.017556002009040825,0.0037050372368498214,0.0007657913413768655,0.007089362372494142,0.005575264863145968,0.0022477118644067865,0.0010384561073193703,0,0,0,0,0,0,0,0,92307456,52801536,9297920,96104448,43446272,15429632,50552832,25083904,9555968,42745856,5693440,8888320,0,0,0,0,0,0,0,0,0,0,0,0,1,1,1,1,1,1,1,1,1,1,1,1
1780600589,0.01795742285237728,0.021505339,1,0.002464189042875704,0.006337374183758235,0.001341663702122597,0.0053565000000002526,0.0020673459379937803,0.01795742285237728,0.0039041157465934495,0.0008091721651066436,0.0076726570010399835,0.005601672378341529,0.0023117103202694414,0.001297511657297278,0,0,0,0,0,0,0,0,92307456,52801536,9306112,96104448,43446272,15269888,50552832,25387008,9760768,42745856,5693440,8912896,0,0,0,0,0,0,0,0,0,0,0,0,1,1,1,1,1,1,1,1,1,1,1,1
1780600604,0.0179516595631915,0.070334795,1,0.0021859577715593994,0.008413004139709258,0.0012581019584722907,0.008979603047600919,0.0022221240241566812,0.0179516595631915,0.003915443493921647,0.0006033180669197033,0.008026544562915685,0.005975966750993605,0.002390602700625737,0.0012366522056612471,0,0,0,0,0,0,0,0,92307456,52797440,9310208,96116736,43446272,15269888,50556928,25387008,9654272,42483712,5693440,8933376,0,0,0,0,0,0,0,0,0,0,0,0,1,1,1,1,1,1,1,1,1,1,1,1
1780600619,0.01605872938996373,0.054579388,1,0.00227907824283029,0.00786447762697376,0.0011217296979279632,0.008154820869670844,0.0022567684805696255,0.01605872938996373,0.0035777915691985545,0.0005113884101903937,0.007893157316717922,0.00586306436119098,0.002405461815072805,0.001149646381407388,0,0,0,0,0,0,0,0,92188672,52809728,9310208,95719424,43446272,15011840,50561024,25800704,9850880,42479616,5693440,8937472,0,0,0,0,0,0,0,0,0,0,0,0,1,1,1,1,1,1,1,1,1,1,1,1
1780600634,0.015011101938569004,0.018520536,1,0.002324052812858734,0.007230044520394041,0.0007900863917652302,0.006833258553000523,0.0023649039548022588,0.015011101938569004,0.0027523151306062237,0.00043205310260559286,0.007546534079938127,0.005803674564555039,0.00236830780620981,0.0011561685532198295,0,0,0,0,0,0,0,0,92192768,52805632,9310208,95846400,43446272,15011840,50569216,25800704,9625600,42479616,5693440,8749056,0,0,0,0,0,0,0,0,0,0,0,0,1,1,1,1,1,1,1,1,1,1,1,1
1780600649,0.016664189939362913,0.015118312,1,0.0024593590528680285,0.007676299339863209,0.0009296507018607352,0.007570669273842335,0.002363053709528684,0.016664189939362913,0.003001515130606225,0.0006132540356839453,0.006131775455626678,0.006168529463397557,0.002436538085831516,0.0013573059862093245,0,0,0,0,0,0,0,0,92188672,52871168,9310208,96382976,43446272,15388672,50569216,25432064,9625600,42479616,5693440,8749056,0,0,0,0,0,0,0,0,0,0,0,0,1,1,1,1,1,1,1,1,1,1,1,1
1780600664,0.019217957059206703,0.018307704,1,0.0024137896923532723,0.0077140460164702085,0.0011146201785413412,0.006473630902467203,0.0015598494868215925,0.019217957059206703,0.00375477156922019,0.0005161122543587897,0.007734402546522925,0.006221817149842873,0.001975306731228735,0.0013941322232133792,0,0,0,0,0,0,0,0,92188672,52871168,9310208,96382976,43446272,15388672,50573312,25591808,9781248,42479616,5693440,8749056,0,0,0,0,0,0,0,0,0,0,0,0,1,1,1,1,1,1,1,1,1,1,1,1
1780600679,0.016215601601950267,0.020387996,1,0.002338074592429211,0.006534954042251948,0.0011139276910435473,0.007972291438253929,0.001843246038176882,0.016215601601950267,0.0036463543582199286,0.0002860174390982974,0.0075039376203160585,0.004323097853192007,0.0024651833204758647,0.0013026818722977223,0,0,0,0,0,0,0,0,92188672,52871168,9310208,96301056,43446272,15093760,50581504,25829376,9515008,42479616,5697536,8749056,0,0,0,0,0,0,0,0,0,0,0,0,1,1,1,1,1,1,1,1,1,1,1,1
1780600694,0.014872960127367293,0.045450935,1,0.0021043216411796156,0.007866448305326037,0.0008772652870337977,0.008230453854122998,0.0021532763405245577,0.014872960127367293,0.0023939663571436,0.0003715124816446371,0.0066843199319694775,0.005784623291191457,0.002350146875377277,0.0009669370434035404,0,0,0,0,0,0,0,0,92315648,52912128,9310208,96194560,43446272,15093760,50581504,25944064,9740288,42463232,5955584,8749056,0,0,0,0,0,0,0,0,0,0,0,0,1,1,1,1,1,1,1,1,1,1,1,1
1780600709,0.0056535999999994145,0.019752373,1,0.0024895428329249282,0.007740260109041413,0.0007398422921808388,0.007553021176344608,0.0022702437512910284,0.0056535999999994145,0.0034241452774676747,0.0005060413817839471,0.0066843199319694775,0.004767925517022365,0.0016449481397115171,0.0010880586622568544,0,0,0,0,0,0,0,0,92323840,52883456,9310208,96444416,43446272,15093760,50593792,26238976,9740288,42463232,5955584,8753152,0,0,0,0,0,0,0,0,0,0,0,0,1,1,1,1,1,1,1,1,1,1,1,1
1780600724,0.014675142644504606,0.021821276,1,0.002517459909256233,0.007942431685600241,0.0008331125454494137,0.00610589378987855,0.0015451914907821903,0.014675142644504606,0.0034307176311821,0.0005346445750935312,0.006880841816310313,0.005887475988203808,0.0023512884502144738,0.0008761499999999867,0,0,0,0,0,0,0,0,92323840,52850688,9359360,96444416,43446272,15163392,50589696,25661440,9535488,42463232,5693440,8753152,0,0,0,0,0,0,0,0,0,0,0,0,1,1,1,1,1,1,1,1,1,1,1,1
1780600739,0.015716139166860436,0.014250523,1,0.002397374781791316,0.007914539943287544,0.0008578727902742594,0.007171504624232721,0.0021572738888382004,0.015716139166860436,0.0036301589751504388,0.0005422637384477808,0.006850434350955582,0.005601867105985588,0.0024531858771144116,0.001153075139779064,0,0,0,0,0,0,0,0,92205056,52887552,9359360,96296960,43446272,15163392,50589696,25804800,9568256,42463232,5697536,8753152,0,0,0,0,0,0,0,0,0,0,0,0,1,1,1,1,1,1,1,1,1,1,1,1
1780600754,0.018244127068873458,0.016495438,1,0.0023437860203930376,0.009070360665844617,0.0011212340118131805,0.008701979069526298,0.0022050543433847995,0.018244127068873458,0.0037435822637107755,0.0004713871785584906,0.005270182694368105,0.005520850890703863,0.0024451389534343657,0.0011129300162409442,0,0,0,0,0,0,0,0,92205056,52891648,9359360,96903168,43446272,15081472,50597888,25804800,9568256,42463232,5693440,9023488,0,0,0,0,0,0,0,0,0,0,0,0,1,1,1,1,1,1,1,1,1,1,1,1
1780600769,0.018244127068873458,0.017192182,1,0.002506634566933586,0.009481567516525015,0.0011146313599085969,0.007819944743317885,0.002133827171035775,0.018244127068873458,0.0038926470588234482,0.0005613850996852078,0.008094581131421742,0.006047994336072347,0.0024451389534343652,0.001179921472014778,0,0,0,0,0,0,0,0,92205056,52887552,9424896,96903168,43446272,15081472,50606080,26157056,9576448,42463232,5693440,8761344,0,0,0,0,0,0,0,0,0,0,0,0,1,1,1,1,1,1,1,1,1,1,1,1
1780600784,0.015231415059815763,0.094191458,1,0.002475588160890481,0.00957554838207839,0.0012300276570525286,0.010950159885323585,0.0021894338632437176,0.015231415059815763,0.00393212910081012,0.0006828087167070222,0.00876668758144708,0.00639263141321221,0.002375769534333036,0.0011595901247286654,0,0,0,0,0,0,0,0,92209152,52887552,9424896,96997376,43446272,15216640,50610176,26583040,9576448,42729472,5955584,8761344,0,0,0,0,0,0,0,0,0,0,0,0,1,1,1,1,1,1,1,1,1,1,1,1
1780600799,0.018066085629604083,0.104535015,1,0.0017478408928137369,0.00955439769811022,0.001149543816606617,0.00864572085817564,0.0021074428324559017,0.018066085629604083,0.003932129100810119,0.0006506637348318253,0.008030435379127643,0.006032096159231141,0.002255109420619815,0.0013035205364627252,0,0,0,0,0,0,0,0,92213248,52850688,9424896,96436224,43446272,15376384,50610176,26583040,9682944,42463232,5693440,8761344,0,0,0,0,0,0,0,0,0,0,0,0,1,1,1,1,1,1,1,1,1,1,1,1
1780600814,0.017779858198521886,0.017422367,1,0.002132278202760896,0.00913407638579284,0.001281718678196929,0.008382972853674668,0.0021577741058578445,0.017779858198521886,0.0038817564821588295,0.0006457926003910365,0.007762093594394206,0.005853881835937366,0.0022845565444877484,0.0013692520694023335,0,0,0,0,0,0,0,0,92205056,52850688,9449472,97165312,43446272,15056896,50622464,26140672,9682944,42463232,5693440,8761344,0,0,0,0,0,0,0,0,0,0,0,0,1,1,1,1,1,1,1,1,1,1,1,1
1780600829,0.05865150699677081,0.035525763,1,0.0017918156671277692,0.008850200499144723,0.0010717068244120605,0.007928996862258772,0.0021684993193004307,0.05865150699677081,0.0035961175347406144,0.0006904206982602322,0.007343487918763129,0.0057198641416218695,0.002351360174102298,0.0014733816107087713,0,0,0,0,0,0,89.14036996735581,0,92205056,52850688,9449472,96858112,43446272,19152896,50626560,26337280,9682944,42475520,5693440,8847360,0,0,0,0,0,0,0,0,0,0,0,0,1,1,1,1,1,1,1,1,1,1,1,1
1780600844,0.104603386050284,0.078057751,1,0.002137138009309142,0.00800795714349772,0.0008460564272145288,0.009095305832147965,0.0019766318444661315,0.104603386050284,0.0021439066357406005,0.00045585474479377917,0.007660872190829193,0.00581546709250622,0.002329293513309139,0.0013160895600103798,0,0,0,0,0,0,91.08496964575596,0,92323840,52887552,9449472,97308672,43446272,19222528,50626560,26533888,9531392,42475520,5955584,8847360,0,0,0,0,0,0,0,0,0,0,0,0,1,1,1,1,1,1,1,1,1,1,1,1
1780600859,0.16991252490969114,0.123193339,1,0.0018693004452177758,0.00531467499999998,0.0006432912125012093,0.008056264044943593,0.001806580843735559,0.16991252490969114,0.0032577059802907458,0.0005809099923898213,0.006951176500226715,0.005386392573558299,0.0022193614830072145,0.0007546128149100586,0,0,0,0,0,0,98.10073527650708,0,92323840,52887552,9449472,97308672,43446272,19267584,50630656,26775552,9535488,42475520,5697536,8978432,0,0,0,0,0,0,0,0,0,0,0,0,1,1,1,1,1,1,1,1,1,1,1,1
1780600874,0.19977209169180624,0.078718314,1,0.002056377417668557,0.007717574969826388,0.0009862159579550876,0.008507155752073541,0.0018896148431577912,0.19977209169180624,0.0034621220048132884,0.00048454105116032723,0.007050011356831671,0.005073085349052534,0.0020950809366650724,0.0010997517873432988,0,0,0,0,0,0,0,0,92323840,52858880,9449472,97378304,43446272,19746816,50634752,26955776,9625600,42475520,5693440,9011200,0,0,0,0,0,0,0,0,0,0,0,0,1,1,1,1,1,1,1,1,1,1,1,1
1780600889,0.1579039132761955,0.084858186,1,0.002106799470320747,0.007339444384390741,0.0014801060396496008,0.009057746351192126,0.001935305450251685,0.1579039132761955,0.0013483333333333292,0.0006957052500587906,0.007679210555493964,0.005388322484510827,0.002136998999829249,0.0010912677317366892,0,0,0,0,0,0,0,0,92332032,52862976,9449472,97759232,43446272,19746816,50634752,27205632,9736192,42475520,5693440,9011200,0,0,0,0,0,0,0,0,0,0,0,0,1,1,1,1,1,1,1,1,1,1,1,1
1780600904,0.19973278518062085,0.22455303,1,0.002152780956740612,0.007164997202014286,0.0013278790478233194,0.010109075334316688,0.0020166108876538847,0.19973278518062085,0.00396712814885723,0.0007805326543808639,0.007579173769971886,0.005385191151624768,0.002121599617897971,0.0010303616708928162,0,0,0,0,0,0,0,0,92323840,52858880,9449472,97669120,43446272,19574784,50651136,26710016,9900032,42475520,5693440,9011200,0,0,0,0,0,0,0,0,0,0,0,0,1,1,1,1,1,1,1,1,1,1,1,1
1780600919,0.19987768688934332,0.037598697,1,0.0021892310552079773,0.008254380599431456,0.0013356167381598759,0.010109075334316688,0.0019839705079192386,0.19987768688934332,0.003924327286009928,0.0007892928500737566,0.00816478931096389,0.005839075669167377,0.0022444813143678508,0.000980530778548609,0,0,0,0,0,0,0,0,92327936,52895744,9449472,97669120,43446272,19603456,50655232,26927104,9641984,42475520,5955584,9011200,0,0,0,0,0,0,0,0,0,0,0,0,1,1,1,1,1,1,1,1,1,1,1,1
1780600934,0.15114004253510338,0.223906455,1,0.00183150047793528,0.008018631828455086,0.0008179507455942141,0.010096613545817016,0.0017248254195908277,0.15114004253510338,0.0026684642008005955,0.0005210441834924376,0.006763288350316782,0.005406944674279117,0.0022846363578720484,0.0007030538265306115,0,0,0,0,0,0,0,0,92327936,52895744,9453568,97787904,43446272,19521536,50655232,27140096,9641984,42475520,5693440,9011200,0,0,0,0,0,0,0,0,0,0,0,0,1,1,1,1,1,1,1,1,1,1,1,1
1780600949,0.20006732558620408,0.122942504,1,0.002247535704628635,0.008609586069249093,0.0008023177519217208,0.009432483504228534,0.002003456143125003,0.20006732558620408,0.0035358336638149296,0.0005171193247566539,0.0068081878386512815,0.00528120579483915,0.0023446556139642125,0.0009960509700378923,0,0,0,0,0,0,0,0,92323840,52895744,9453568,98234368,43446272,19558400,50655232,27140096,9445376,42479616,5693440,8761344,0,0,0,0,0,0,0,0,0,0,0,0,1,1,1,1,1,1,1,1,1,1,1,1
1780600964,0.20012160628042563,0.034178305,1,0.0020963400092965235,0.007597830018083232,0.0009272867303946066,0.006769035034144868,0.0019511005244954923,0.20012160628042563,0.0035340395109282313,0.0005215933398855342,0.006958504342845949,0.00539032110282786,0.002288467290518294,0.0010734668536871584,0,0,0,0,0,0,0,0,92323840,52785152,9453568,97890304,43446272,19423232,50659328,27512832,9605120,42479616,5955584,8761344,0,0,0,0,0,0,0,0,0,0,0,0,1,1,1,1,1,1,1,1,1,1,1,1
1780600979,0.20008119195368826,0.029760427,1,0.0017927650690792393,0.008020988523038775,0.001026722347239064,0.00881139517594575,0.001971320137263357,0.20008119195368826,0.003723783648741628,0.0005185643564356436,0.00791945477075601,0.005884810510358752,0.001835352171441588,0.0006662333333333474,0,0,0,0,0,0,0,0,92205056,52809728,9719808,98488320,43446272,19566592,50659328,27701248,9617408,42479616,5955584,8761344,0,0,0,0,0,0,0,0,0,0,0,0,1,1,1,1,1,1,1,1,1,1,1,1
1780600994,0.20004436654774704,0.036717812,1,0.002102087011634768,0.004564790422805857,0.0008623328719156367,0.008287530522874604,0.0019369926357253014,0.20004436654774704,0.0035892594409025146,0.0005056482294410338,0.007649108624430983,0.005632031320313179,0.0022125889735921797,0.0010694688170245815,0,0,0,0,0,0,0,0,92467200,52850688,9453568,98144256,43446272,19578880,50671616,27181056,9768960,42479616,5955584,8765440,0,0,0,0,0,0,0,0,0,0,0,0,1,1,1,1,1,1,1,1,1,1,1,1
1780601009,0.2000613603769715,0.033680833,1,0.002174656608595186,0.007081411091526699,0.0016321843995894464,0.009301841864251663,0.001658369369369417,0.2000613603769715,0.003681521093285773,0.0005914395163968914,0.007775630499768544,0.005537780484377495,0.0021884313683807597,0.0011605907150621494,0,0,0,0,0,0,0,0,92205056,52850688,9457664,98258944,43446272,19578880,50679808,27459584,9633792,42479616,5693440,8830976,0,0,0,0,0,0,0,0,0,0,0,0,1,1,1,1,1,1,1,1,1,1,1,1
1780601024,0.19995696953234635,0.128458938,1,0.002117987288601593,0.007171152310448331,0.0014440590827484792,0.008317499176121481,0.001939607870548354,0.19995696953234635,0.003546564463234355,0.0007093006795017028,0.00736990322432685,0.0051301806711970014,0.0016623113757902811,0.0012031944354994582,0,0,0,0,0,0,0,0,92205056,52883456,9461760,98193408,43446272,19431424,50679808,27676672,9687040,42479616,5693440,8896512,0,0,0,0,0,0,0,0,0,0,0,0,1,1,1,1,1,1,1,1,1,1,1,1
1780601039,0.19987711980306372,0.035091732,1,0.0021839634324829476,0.0060661259998720145,0.0016122189316660994,0.009148421936877474,0.0016324479469282532,0.19987711980306372,0.0036778631067729012,0.0007163878912262675,0.007783157946378172,0.005531495072821824,0.002182883649438719,0.0011285370395603528,0,0,0,0,0,0,0,0,92205056,52883456,9457664,98521088,43446272,19496960,50688000,28106752,9687040,42479616,5693440,8896512,0,0,0,0,0,0,0,0,0,0,0,0,1,1,1,1,1,1,1,1,1,1,1,1
1780601054,0.13832649665608962,0.122571873,1,0.0022211403869905376,0.007258907167066093,0.0007829234912365863,0.007721971994291923,0.0019027604252610719,0.13832649665608962,0.003461056338028183,0.0005940599747232928,0.006111917965539582,0.005309012379896306,0.0021831799463837035,0.0009108195327445899,0,0,0,0,0,0,0,0,92209152,52858880,9457664,98734080,43446272,19496960,50692096,28315648,9875456,42479616,5693440,8966144,0,0,0,0,0,0,0,0,0,0,0,0,1,1,1,1,1,1,1,1,1,1,1,1
1780601069,0.19999846967167462,0.03522684,1,0.0023693352633336845,0.008265303676717135,0.0006746467734006151,0.0082892483569381,0.001581072348142559,0.19999846967167462,0.0037482752656764306,0.0004744974365298888,0.007083541147132143,0.00552697873684612,0.0023184942205560204,0.0009213945998576966,0,0,0,0,0,0,0,0,92332032,52858880,9461760,99221504,43446272,19083264,50696192,28495872,9461760,42479616,5955584,8781824,0,0,0,0,0,0,0,0,0,0,0,0,1,1,1,1,1,1,1,1,1,1,1,1
1780601084,0.1999703569268005,0.038069368,1,0.0020361905769391187,0.005707702296110706,0.0004799900739938938,0.007435089692007565,0.0018681365905258976,0.1999703569268005,0.0037670626075670846,0.00028193975212253004,0.006789318567473408,0.005423210562890721,0.0022125917406068136,0.0008983697476023044,0,0,0,0,0,0,0,0,92332032,52854784,9457664,98672640,43446272,19156992,50696192,28495872,9723904,42479616,5693440,8781824,0,0,0,0,0,0,0,0,0,0,0,0,1,1,1,1,1,1,1,1,1,1,1,1
1780601099,0.19976603854784783,0.034084576,1,0.0022229260545171487,0.007669204697345794,0.00048066820529727567,0.007537432004069807,0.0018584901403366147,0.19976603854784783,0.0036244704458341733,0.00036893818642328786,0.006679646052348373,0.005360506712680598,0.0021953686929382416,0.0007525781918013674,0,0,0,0,0,0,0,0,92327936,52887552,9457664,98660352,43446272,19259392,50696192,27959296,9408512,42479616,5693440,8781824,0,0,0,0,0,0,0,0,0,0,0,0,1,1,1,1,1,1,1,1,1,1,1,1
1780601114,0.1998727440701277,0.030837418,1,0.0020783653929544216,0.006895766267788714,0.0003325942921962253,0.007025342831700637,0.0017995166163142515,0.1998727440701277,0.0032257062928463375,0.0003818464782368594,0.006517292266679579,0.005123526893350552,0.0020905517299061207,0.0007969720411095114,0,0,0,0,0,0,0,0,92327936,52871168,9457664,98648064,43446272,19406848,50700288,28073984,9416704,42479616,5693440,8908800,0,0,0,0,0,0,0,0,0,0,0,0,1,1,1,1,1,1,1,1,1,1,1,1
1780601129,0.15401676093906666,0.015402785,1,0.0017925851509923544,0.007384207980653171,0.00031181825989864037,0.007178701703438558,0.001791597512447764,0.15401676093906666,0.0026220749989313784,0.0002817669820473438,0.006641775833881815,0.005232774712739221,0.002361485687248648,0.0008559668868012073,0,0,0,0,0,0,107.66763925032201,0,92327936,52842496,9457664,99479552,43446272,15282176,50700288,28356608,9445376,42479616,5693440,8908800,0,0,0,0,0,0,0,0,0,0,0,0,1,1,1,1,1,1,1,1,1,1,1,1
1780601144,0.09927189812424625,0.077311418,1,0.002103486263799289,0.00848949044585992,0.00047763408946367383,0.005936313489718586,0.0018425173197154177,0.09927189812424625,0.003528044257505879,0.00038541992257939864,0.006811319853906431,0.005644146846515393,0.0025707036635086358,0.0008383758500533377,0,0,0,0,0,0,120.14196462616958,0,92327936,52842496,9457664,99479552,43446272,15400960,50716672,28479488,9494528,42479616,5693440,8908800,0,0,0,0,0,0,0,0,0,0,0,0,1,1,1,1,1,1,1,1,1,1,1,1
1780601159,0.04313389104096232,0.016463978,1,0.0023004270124940026,0.00947807152175575,0.0006638650015124742,0.008890622619084087,0.001960449099356106,0.04313389104096232,0.0036162643999089836,0.00046148320304246603,0.007943341732893924,0.006140981933244821,0.0025766279039517617,0.0011965617765583288,0,0,0,0,0,0,0,0,92327936,52871168,9621504,99110912,43446272,15495168,50720768,28758016,9617408,42479616,5955584,8908800,0,0,0,0,0,0,0,0,0,0,0,0,1,1,1,1,1,1,1,1,1,1,1,1
1780601174,0.020692417296493505,0.019389246,1,0.002606285006462706,0.010716025853496828,0.0009603713553044055,0.009798669385127197,0.0022095816286129217,0.020692417296493505,0.004212541694463034,0.0004925648902542236,0.009206196365980438,0.0066357457931709345,0.0025730794648757497,0.001256375756834443,0,0,0,0,0,0,0,0,92209152,52871168,9625600,99512320,43446272,15204352,50724864,29016064,9768960,42479616,5693440,8908800,0,0,0,0,0,0,0,0,0,0,0,0,1,1,1,1,1,1,1,1,1,1,1,1
1780601189,0.020381289132380177,0.016576336,1,0.0035947394057475944,0.010041241350962625,0.0007437963556450766,0.009555116893816964,0.0022846534653464864,0.020381289132380177,0.0038868838680969618,0.00045922411933069896,0.008923498492380406,0.0067308481119556385,0.002536446852232392,0.001209010854875979,0,0,0,0,0,0,0,0,92221440,52875264,9621504,99512320,43446272,15204352,50724864,29016064,9502720,42479616,5955584,8908800,0,0,0,0,0,0,0,0,0,0,0,0,1,1,1,1,1,1,1,1,1,1,1,1
1780601204,0.018850030481610033,0.018450934,1,0.0032029539837588935,0.008588618325675085,0.0007572782532192149,0.008785402536729258,0.002434014457579774,0.018850030481610033,0.003649803235679904,0.0005114035676716107,0.007857287889775237,0.006208068679486219,0.0020615006781669535,0.0011981754420384275,0,0,0,0,0,0,0,0,92221440,52871168,9621504,99921920,43446272,15163392,50995200,28614656,9490432,42479616,5955584,8908800,0,0,0,0,0,0,0,0,0,0,0,0,1,1,1,1,1,1,1,1,1,1,1,1
1780601219,0.014650363828250081,0.064153237,1,0.0031414676162265973,0.003487100000000017,0.000501602765274,0.007936121606185698,0.0022960379214739413,0.014650363828250081,0.003259091013904583,0.0007088945602344078,0.007772683599298123,0.005782644865174968,0.002410918901761672,0.0008190547502847,0,0,0,0,0,0,0,0,92225536,52871168,9621504,99524608,43446272,15405056,50745344,29028352,9490432,42479616,5693440,8908800,0,0,0,0,0,0,0,0,0,0,0,0,1,1,1,1,1,1,1,1,1,1,1,1
1780601234,0.01635457317092597,0.041386645,1,0.0025033879045494793,0.008304514734954574,0.0019762362133344943,0.008612721862941179,0.002453797481571226,0.01635457317092597,0.003943398403248848,0.000629813998329394,0.008639845547798224,0.006180031010126147,0.0026102490268223536,0.0013635277671877192,0,0,0,0,0,0,0,0,92225536,52842496,9453568,99352576,43446272,15134720,50745344,29241344,9490432,42479616,5693440,8908800,0,0,0,0,0,0,0,0,0,0,0,0,1,1,1,1,1,1,1,1,1,1,1,1
1780601249,0.01667958525595105,0.033374706,1,0.00248560030719344,0.008176935793753672,0.002221174051057385,0.010172035799356983,0.0023674565630664845,0.01667958525595105,0.004878390046270636,0.0008034299603889091,0.009640912185159684,0.006356952673816778,0.0027583497698881803,0.0012647362908911294,0,0,0,0,0,0,0,0,92487680,52842496,9453568,100016128,43446272,15134720,50757632,29532160,9490432,42487808,5693440,8908800,0,0,0,0,0,0,0,0,0,0,0,0,1,1,1,1,1,1,1,1,1,1,1,1
1780601264,0.020782333858117643,0.020850521,1,0.0023755702581985455,0.004998949262065072,0.0007782283925955321,0.010575174672489297,0.002399982203238978,0.020782333858117643,0.004719936813005879,0.0004924337363039953,0.008274712915828372,0.006515719670804667,0.0027018100350472444,0.0014599077436451046,0,0,0,0,0,0,0,0,92225536,52822016,9453568,99282944,43446272,15548416,50757632,29532160,9506816,42479616,5955584,8916992,0,0,0,0,0,0,0,0,0,0,0,0,1,1,1,1,1,1,1,1,1,1,1,1
1780601279,0.017920766480241882,0.017732793,1,0.0023921194546195107,0.007786793285291313,0.0009431507800564469,0.00868054273385,0.002199625016163056,0.017920766480241882,0.004313961635327392,0.0005909444923905891,0.007798320311356905,0.006287708498808542,0.0025538662033014778,0.0013194882579740444,0,0,0,0,0,0,0,0,92225536,52850688,9453568,99958784,43446272,15175680,51273728,29134848,9580544,42479616,5693440,8916992,0,0,0,0,0,0,0,0,0,0,0,0,1,1,1,1,1,1,1,1,1,1,1,1
1780601294,0.01664450874079124,0.016720932,1,0.0025137330845712803,0.007305961248508964,0.0009098973817972235,0.008837506766374811,0.002215548961424288,0.01664450874079124,0.0036662022847590964,0.0005050227698901751,0.007238044689772006,0.006268939509138713,0.0024915600515719584,0.0012644678426904689,0,0,0,0,0,0,0,0,92258304,52850688,9453568,100204544,43446272,15261696,51023872,29274112,9609216,42479616,5693440,8916992,0,0,0,0,0,0,0,0,0,0,0,0,1,1,1,1,1,1,1,1,1,1,1,1
1780601309,0.01716441210630545,0.016891325,1,0.0027076247488451977,0.0075369327447870485,0.0009972999857894155,0.008668900035166342,0.002175484671951141,0.01716441210630545,0.0039997378768021905,0.0003453596798324462,0.007261408986580069,0.006005044258518316,0.0024785262017828617,0.0012273671880903675,0,0,0,0,0,0,0,0,92639232,52817920,9535488,99557376,43446272,15364096,50774016,29487104,9732096,42450944,5955584,8916992,0,0,0,0,0,0,0,0,0,0,0,0,1,1,1,1,1,1,1,1,1,1,1,1
1780601324,0.01710446278939778,0.054097157,1,0.0026061307978256097,0.006899444499065708,0.0010536948176583841,0.008631952818398932,0.002302976575373942,0.01710446278939778,0.003891568849198552,0.0005659275125964509,0.0075758024883967245,0.00609895060419782,0.0025671437343536066,0.0009543296006885751,0,0,0,0,0,0,0,0,92381184,52813824,9535488,99827712,43446272,15364096,50778112,29728768,9482240,42459136,5693440,8916992,0,0,0,0,0,0,0,0,0,0,0,0,1,1,1,1,1,1,1,1,1,1,1,1
1780601339,0.01801962411809987,0.01256224,1,0.002615906692902169,0.007807995278200418,0.0010624943062767585,0.008341414522557388,0.00231991330423686,0.01801962411809987,0.0039946900765801515,0.0006297247146742547,0.00765231905991278,0.004261642063628018,0.002559068754793564,0.0011463374417741673,0,0,0,0,0,0,0,0,92381184,52842496,9535488,99975168,43446272,15265792,50778112,29904896,9904128,42459136,5697536,8916992,0,0,0,0,0,0,0,0,0,0,0,0,1,1,1,1,1,1,1,1,1,1,1,1
1780601354,0.015349585805601246,0.014328828,1,0.0023059893314170262,0.008073990940709956,0.0009853465080325318,0.007051537260203539,0.002259299071106968,0.015349585805601246,0.003583738612233679,0.000535737459445967,0.007626033015270982,0.005836005932242618,0.0025168554386435288,0.0010349327006875391,0,0,0,0,0,0,0,0,92381184,52871168,9535488,100085760,43446272,15056896,50786304,30093312,9543680,42459136,5693440,8916992,0,0,0,0,0,0,0,0,0,0,0,0,1,1,1,1,1,1,1,1,1,1,1,1
1780601369,0.015892571949193118,0.069410433,1,0.002469255410578885,0.00829009228986467,0.0009834781895703252,0.007600097589538468,0.0022312458769201556,0.015892571949193118,0.003432426234520828,0.0005196811771919115,0.007350636092351036,0.006089330753973215,0.0024925830881892355,0.0007310795301085194,0,0,0,0,0,0,0,0,92385280,52846592,9543680,100478976,43446272,14819328,50786304,29773824,9777152,42467328,5955584,8916992,0,0,0,0,0,0,0,0,0,0,0,0,1,1,1,1,1,1,1,1,1,1,1,1
1780601384,0.016037029960256834,0.038687197,1,0.0028672163228641813,0.007804290352504419,0.0006506102522376029,0.00728949194356625,0.001718396408400999,0.016037029960256834,0.0038739124333426822,0.00046840895482026394,0.006639642811737346,0.006172429503165376,0.0024901736066896113,0.0010029165609941766,0,0,0,0,0,0,0,0,92270592,52813824,9543680,100478976,43446272,15355904,50790400,29962240,9777152,42467328,5693440,8916992,0,0,0,0,0,0,0,0,0,0,0,0,1,1,1,1,1,1,1,1,1,1,1,1
1780601399,0.01759995454545498,0.046147042,1,0.0026260214087269074,0.007627498642393779,0.0007169965684157739,0.008153307917615983,0.0022900815349588747,0.01759995454545498,0.0036311886493205743,0.0005274534248740132,0.007481016946858539,0.006400232847893182,0.0024923823591475425,0.0011349496237099545,0,0,0,0,0,0,0,0,92266496,52817920,9543680,100298752,43446272,15155200,50798592,30232576,9605120,42467328,5693440,8916992,0,0,0,0,0,0,0,0,0,0,0,0,1,1,1,1,1,1,1,1,1,1,1,1
1780601414,0.016778102460632233,0.030721929,1,0.002694709831145446,0.007138269955627661,0.0007349444353652724,0.00815516910332728,0.0021338631790744325,0.016778102460632233,0.0025561914690805628,0.0004643309062999187,0.007124950423652541,0.005672162838298746,0.002382892255041172,0.001000197481019854,0,0,0,0,0,0,0,0,92270592,53338112,9551872,100077568,43446272,15253504,50806784,30474240,9728000,42467328,5697536,8916992,0,0,0,0,0,0,0,0,0,0,0,0,1,1,1,1,1,1,1,1,1,1,1,1
1780601429,0.01696319691777024,0.014089415,1,0.0023421886031266396,0.007566974235535476,0.0009925717309945822,0.006323766442136441,0.002052763169238737,0.01696319691777024,0.0034213896267300307,0.0005015973504499046,0.006556241379310133,0.005716150751292994,0.002380938741216,0.0011804415129896282,0,0,0,0,0,0,78.21570424686833,0,92270592,52871168,9805824,100179968,43446272,15118336,50806784,30474240,9728000,42467328,5693440,8916992,0,0,0,0,0,0,0,0,0,0,0,0,1,1,1,1,1,1,1,1,1,1,1,1
1780601444,0.015361171659296855,0.014620944,1,0.002515079117122786,0.007408766502901251,0.0007202078743281983,0.008234785952319698,0.0015823050930075997,0.015361171659296855,0.00349490392194169,0.0005965890157826142,0.006450999520777481,0.004131860103875364,0.0023014907399717256,0.0009916470733820032,0,0,0,0,0,0,85.0427705340088,0,92401664,52871168,9879552,101031936,43446272,15069184,50814976,30089216,9379840,42467328,5955584,9175040,0,0,0,0,0,0,0,0,0,0,0,0,1,1,1,1,1,1,1,1,1,1,1,1
1780601459,0.015263257218343925,0.022485278,1,0.0020262489604433134,0.007561591068265213,0.0010308011440425058,0.008022733923064782,0.0019524205030850205,0.015263257218343925,0.0033547893588690638,0.0005779501932409148,0.005427710799102254,0.005271549230591268,0.0017659924787262705,0.0009397976952124054,0,0,0,0,0,0,108.04984902552842,0,92401664,52871168,9879552,101171200,43446272,15261696,50814976,30265344,9379840,42467328,5955584,8941568,0,0,0,0,0,0,0,0,0,0,0,0,1,1,1,1,1,1,1,1,1,1,1,1
1780601474,0.014942122186495672,0.059860726,1,0.0024770446884425355,0.007849739007671778,0.0006692702884906144,0.007884954234635881,0.0018673655944695324,0.014942122186495672,0.002761090209760864,0.0004454259718775922,0.006257407069416754,0.005083358419310101,0.0022211662668388606,0.000598664648670138,0,0,0,0,0,0,0,0,92401664,52871168,10108928,101425152,43446272,15110144,50819072,30470144,9502720,42467328,5693440,8941568,0,0,0,0,0,0,0,0,0,0,0,0,1,1,1,1,1,1,1,1,1,1,1,1
1780601489,0.01710050830806031,0.017863214,1,0.0024306738674535542,0.007987182744699218,0.0005940801798426163,0.009536357492148106,0.0016145587027443628,0.01710050830806031,0.003599675989085868,0.00047073985252258846,0.007032265197128942,0.005268998556241009,0.002305709660010825,0.0009117694543106275,0,0,0,0,0,0,0,0,92401664,52871168,10108928,101367808,43446272,15175680,50823168,30736384,9564160,42467328,5955584,9211904,0,0,0,0,0,0,0,0,0,0,0,0,1,1,1,1,1,1,1,1,1,1,1,1
