timestamp,alarm_frontend_cpu__frontend,alarm_frontend_probe_duration,alarm_frontend_probe_success,cpu__adservice,cpu__cartservice,cpu__checkoutservice,cpu__currencyservice,cpu__emailservice,cpu__frontend,cpu__loadgenerator,cpu__paymentservice,cpu__productcatalogservice,cpu__recommendationservice,cpu__redis-cart,cpu__shippingservice,fs_reads__frontend,fs_reads__paymentservice,fs_reads__productcatalogservice,fs_reads__redis-cart,fs_reads__shippingservice,fs_writes__frontend,fs_writes__paymentservice,fs_writes__productcatalogservice,fs_writes__redis-cart,fs_writes__shippingservice,memory__adservice,memory__cartservice,memory__checkoutservice,memory__currencyservice,memory__emailservice,memory__frontend,memory__loadgenerator,memory__paymentservice,memory__productcatalogservice,memory__recommendationservice,memory__redis-cart,memory__shippingservice,restart__adservice__server,restart__cartservice__server,restart__checkoutservice__server,restart__currencyservice__server,restart__emailservice__server,restart__frontend__server,restart__loadgenerator__main,restart__paymentservice__server,restart__productcatalogservice__server,restart__recommendationservice__server,restart__redis-cart__redis,restart__shippingservice__server,running__adservice,running__cartservice,running__checkoutservice,running__currencyservice,running__emailservice,running__frontend,running__loadgenerator,running__paymentservice,running__productcatalogservice,running__recommendationservice,running__redis-cart,running__shippingservice
1780595400,0.016318552054490062,0.020535473,1,0.0026769810157247203,0.007127155110997085,0.0014995119519843828,0.008283395532382208,0.0020486199037731082,0.016318552054490062,0.0034508771082008864,0.0007800575066748692,0.007588787052737827,0.0039494708952776455,0.002334055146528064,0.001207996958651075,0,0,0,0,0,0,0,0,0,0,90886144,52629504,9158656,64917504,43577344,14888960,49008640,55775232,9555968,42397696,5689344,8658944,0,0,0,0,0,0,0,0,0,0,0,0,1,1,1,1,1,1,1,1,1,1,1,1
1780595415,0.015210169883946583,0.018039897,1,0.0026434629831577,0.006215973722499089,0.0012190890607482981,0.00824659775155757,0.0020696470926471634,0.015210169883946583,0.003506542430618136,0.0006246441978466231,0.006817814059396324,0.005308236252936378,0.0023408439525552187,0.0009023652846283853,0,0,0,0,0,0,0,0,90.30380528241987,0,90886144,52633600,9232384,65351680,43577344,14888960,49012736,55955456,9564160,42397696,5689344,8658944,0,0,0,0,0,0,0,0,0,0,0,0,1,1,1,1,1,1,1,1,1,1,1,1
1780595430,0.016309453621347007,0.040014348,1,0.002499317233038101,0.007530819555132642,0.000757590090755907,0.007303918307925388,0.0020641306076996284,0.016309453621347007,0.003742908474404681,0.0009706602618442194,0.006811789083855054,0.005081875735055015,0.002308055495024309,0.0010587626823954023,0,0,0,0,0,0,0,0,99.17435413186121,0,90886144,52658176,9232384,65351680,43577344,14815232,49016832,56266752,9383936,42397696,5689344,8663040,0,0,0,0,0,0,0,0,0,0,0,0,1,1,1,1,1,1,1,1,1,1,1,1
1780595445,0.01766425527264779,0.01486039,1,0.0024444444444444552,0.0083261698258376,0.0010113702867653286,0.0072687678758532265,0.002087048919040414,0.01766425527264779,0.0037429084744046814,0.000721603231979585,0.007858341285869678,0.004618083754703952,0.002339320804849015,0.0012928832116788334,0,0,0,0,0,0,0,0,113.365254213833,0,90886144,52711424,8937472,65372160,43577344,15196160,49016832,56500224,9469952,42397696,5689344,8663040,0,0,0,0,0,0,0,0,0,0,0,0,1,1,1,1,1,1,1,1,1,1,1,1
1780595460,0.012108249999999997,0.059392561,1,0.002424024266936234,0.006982276299629742,0.001475764374413014,0.007721906368161875,0.0020929491293372733,0.012108249999999997,0.0038065747481279577,0.0010593054141945855,0.008343279166578649,0.006030904803276587,0.002378265885493245,0.0013576145940828303,0,0,0,0,0,0,0,0,0,0,90771456,52711424,8941568,66097152,43577344,15196160,49025024,56733696,9826304,42397696,5689344,8839168,0,0,0,0,0,0,0,0,0,0,0,0,1,1,1,1,1,1,1,1,1,1,1,1
1780595475,0.01718412545055909,0.059839923,1,0.002536028062948528,0.008989657100260916,0.0013300754307182011,0.009639008398282661,0.0020836012861736577,0.01718412545055909,0.003808800947659387,0.0008593428277281976,0.00798168758221803,0.005874539143183607,0.002320125310575802,0.0013991811322031605,0,0,0,0,0,0,0,0,0,0,90771456,52666368,8949760,66994176,43581440,14741504,49033216,57040896,9564160,42397696,5689344,8978432,0,0,0,0,0,0,0,0,0,0,0,0,1,1,1,1,1,1,1,1,1,1,1,1
1780595490,0.014204011355021997,0.019729143,1,0.0020322403501870463,0.00800480571856361,0.0014064386317907353,0.014415366719980017,0.0020380882124553554,0.014204011355021997,0.0019419666666666538,0.0010807907667695184,0.005911766560815153,0.005836396195907326,0.002325944186583985,0.001146655651428912,0,0,0,0,0,0,0,0,0,0,90771456,52666368,8953856,61276160,43577344,14741504,49033216,56446976,9564160,42397696,5689344,8978432,0,0,0,0,0,0,0,0,0,0,0,0,1,1,1,1,1,1,1,1,1,1,1,1
1780595505,0.01713018309100681,0.024946053,1,0.0024040032866207406,0.005426803039276328,0.0010541079310835894,0.01521797523008742,0.0017354868375920667,0.01713018309100681,0.003540289671820192,0.0008169826711497433,0.006919318715956497,0.005509293903439558,0.0022875221520425337,0.00096854167224439,0,0,0,0,0,0,0,0,0,0,90775552,52666368,8953856,61435904,43577344,14897152,49033216,56741888,9445376,42397696,5689344,9003008,0,0,0,0,0,0,0,0,0,0,0,0,1,1,1,1,1,1,1,1,1,1,1,1
1780595520,0.01684993088526931,0.018963846,1,0.00234715621285731,0.007384000182282207,0.000932346351535386,0.014696386959078288,0.0020511939771791343,0.01684993088526931,0.0033787538493597513,0.0006081348622954108,0.007257598458903983,0.005640657352310163,0.0023452639946448164,0.0011092831227324045,0,0,0,0,0,0,0,0,0,0,90992640,52686848,8953856,61542400,43577344,15151104,49033216,56950784,9658368,42397696,5689344,9003008,0,0,0,0,0,0,0,0,0,0,0,0,1,1,1,1,1,1,1,1,1,1,1,1
1780595535,0.011242288293873644,0.059818216,1,0.0027462731650112746,0.0075944683579082526,0.0007737821984187747,0.013304167022093232,0.0020998811462781294,0.011242288293873644,0.00341676453718628,0.0004243027888446235,0.006194422122361086,0.005472441496566847,0.0023545049282237994,0.001019890016090814,0,0,0,0,0,0,0,0,0,0,90988544,52686848,9842688,62976000,43577344,14929920,49037312,56950784,9658368,42397696,5689344,8761344,0,0,0,0,0,0,0,0,0,0,0,0,1,1,1,1,1,1,1,1,1,1,1,1
1780595550,0.017214027604999665,0.017089039,1,0.0024402012582902277,0.008015996509852337,0.0009176543337112119,0.014838242798163157,0.001953892389212541,0.017214027604999665,0.0026485762135944695,0.00039605382980876266,0.007833175620456786,0.005452531717910588,0.002355420054200519,0.0011651403822534384,0,0,0,0,0,0,0,0,0,0,90988544,52695040,9056256,62529536,43577344,14819328,49037312,57397248,9494528,42397696,5689344,8761344,0,0,0,0,0,0,0,0,0,0,0,0,1,1,1,1,1,1,1,1,1,1,1,1
1780595565,0.018643535213738658,0.016004963,1,0.002980209155485374,0.00883414222890604,0.0009928785267168568,0.014438708559797385,0.001953892389212541,0.018643535213738658,0.003976852840033233,0.00047444796321201364,0.007670767198497323,0.005887580889439601,0.002356518658478921,0.0011258651286601491,0,0,0,0,0,0,0,0,0,0,90988544,52695040,9056256,62816256,43577344,14655488,49049600,57696256,9502720,42397696,5689344,8761344,0,0,0,0,0,0,0,0,0,0,0,0,1,1,1,1,1,1,1,1,1,1,1,1
1780595580,0.01724955933359876,0.01775961,1,0.0028090486003380663,0.009485895505811998,0.0010618032782653195,0.012316944444444478,0.0019715836449161884,0.01724955933359876,0.0041328798974336394,0.0003233000000000041,0.005919298607273494,0.0038241749999999184,0.0024544049927290577,0.0009280342537190502,0,0,0,0,0,0,0,0,0,0,91000832,52695040,9056256,62652416,43577344,14962688,49307648,57696256,9326592,42397696,5689344,8761344,0,0,0,0,0,0,0,0,0,0,0,0,1,1,1,1,1,1,1,1,1,1,1,1
1780595595,0.013634062173669125,0.019945982,1,0.0021195131685598913,0.008340231242759477,0.0009507931844888405,0.010897383678643343,0.002011159363074129,0.013634062173669125,0.002877544997397505,0.00045338747975057827,0.006014118515483114,0.005634483368719023,0.002448861921149537,0.0007778918277553998,0,0,0,0,0,0,0,0,0,0,91000832,52658176,9060352,62795776,43577344,14962688,49053696,57880576,9326592,42405888,5689344,8761344,0,0,0,0,0,0,0,0,0,0,0,0,1,1,1,1,1,1,1,1,1,1,1,1
1780595610,0.014154403635917136,0.075680309,1,0.002670187664618069,0.00793703876235064,0.0011990804147916441,0.010087499009744112,0.0020778635990139735,0.014154403635917136,0.00351942069970223,0.0022955467640494885,0.007087974329678907,0.005365516794190198,0.0019711528074365494,0.0010092121099898345,0,0,0,0,0,0,0,0,0,0,90906624,52658176,9060352,63188992,43577344,14815232,49053696,57692160,9388032,42405888,5689344,8761344,0,0,0,0,0,0,0,0,0,0,0,0,1,1,1,1,1,1,1,1,1,1,1,1
1780595625,0.01731656116078227,0.023187753,1,0.003004934848904948,0.008001347076232294,0.0011052216788586737,0.010226859150488722,0.002031128165141359,0.01731656116078227,0.0034093693770884995,0.0024777966101694688,0.007210690192008337,0.004901045397466913,0.0023610832838101715,0.00111479256781604,0,0,0,0,0,0,0,0,0,0,90914816,52686848,9064448,63684608,43577344,15007744,49057792,57819136,9748480,42405888,5689344,8761344,0,0,0,0,0,0,0,0,0,0,0,0,1,1,1,1,1,1,1,1,1,1,1,1
1780595640,0.017558066868034516,0.049255871,1,0.003578353965623766,0.009266085890089414,0.0013921185612977293,0.010905924524544431,0.0021222979045456515,0.017558066868034516,0.0034828050980159615,0.0018679417298702308,0.008370581251011987,0.005929561386297516,0.0023233691904564918,0.0010497634961059343,0,0,0,0,0,0,0,0,0,0,90914816,52686848,9064448,64036864,43577344,15007744,49065984,58023936,9375744,42397696,5689344,8761344,0,0,0,0,0,0,0,0,0,0,0,0,1,1,1,1,1,1,1,1,1,1,1,1
1780595655,0.017571975122502713,0.014686917,1,0.0029868383675788505,0.007593162953795412,0.0010065448431839461,0.011323239029404745,0.0019711129296235475,0.017571975122502713,0.003641494009866106,0.0004317867845529367,0.007935763988728578,0.005068921838631512,0.0019217265186480287,0.001177089980855126,0,0,0,0,0,0,0,0,0,0,91295744,52686848,9064448,64102400,43577344,14503936,49065984,58241024,9400320,42401792,5689344,8761344,0,0,0,0,0,0,0,0,0,0,0,0,1,1,1,1,1,1,1,1,1,1,1,1
1780595670,0.01872314569344199,0.015927135,1,0.0027089039083161453,0.008445439260193378,0.0010160815712037259,0.011447728500270034,0.0019421062574781246,0.01872314569344199,0.003877476299444302,0.0005647492847462884,0.008129294866563233,0.0050193169636695975,0.002244765952127948,0.0011969908956343696,0,0,0,0,0,0,0,0,0,0,91033600,52666368,9064448,64102400,43581440,14516224,49074176,58568704,9428992,42401792,5689344,8769536,0,0,0,0,0,0,0,0,0,0,0,0,1,1,1,1,1,1,1,1,1,1,1,1
1780595685,0.013638637861033491,0.067012473,1,0.0024397125466921544,0.007436625671785976,0.0010299303416771662,0.012182587076803208,0.001921130890917368,0.013638637861033491,0.00403052904829805,0.0005793103448275862,0.007579535214607519,0.0055601850124958685,0.0023040724417792645,0.0008678717682552674,0,0,0,0,0,0,0,0,0,0,91049984,52637696,9064448,65093632,43577344,14741504,49074176,58568704,9428992,42397696,5951488,8769536,0,0,0,0,0,0,0,0,0,0,0,0,1,1,1,1,1,1,1,1,1,1,1,1
1780595700,0.018163081563986425,0.070075479,1,0.002508027415266171,0.005045015194442851,0.0010625848568824778,0.0122266100848727,0.00192354023757739,0.018163081563986425,0.003217237819295942,0.0006066906326563288,0.005692968223180896,0.005470835102795352,0.0022757749959705243,0.0010530943825741502,0,0,0,0,0,0,0,0,0,0,91049984,52637696,9101312,65409024,43577344,14782464,49078272,57970688,9428992,42397696,5689344,8773632,0,0,0,0,0,0,0,0,0,0,0,0,1,1,1,1,1,1,1,1,1,1,1,1
1780595715,0.01662446196366259,0.01756278,1,0.0024419889502763003,0.006105838916997187,0.0008098823697966334,0.008903829916302767,0.0018922496709527247,0.01662446196366259,0.003217237819295942,0.0004852964743589493,0.006786684627503033,0.0034556440807317155,0.0023703010286724334,0.0009884252776999867,0,0,0,0,0,0,0,0,86.16446136693523,0,91049984,52637696,9101312,64913408,43577344,14860288,49078272,57970688,9564160,42405888,5951488,8773632,0,0,0,0,0,0,0,0,0,0,0,0,1,1,1,1,1,1,1,1,1,1,1,1
1780595730,0.014583990150364916,0.022036553,1,0.003580130514441019,0.005621624827041117,0.0009017846051923312,0.010650414546824935,0.0018671956529561849,0.014583990150364916,0.0036278152105125652,0.0008503289473684363,0.0071304720294696426,0.00523947594952648,0.0023404508611956027,0.0010247376619117823,0,0,0,0,0,0,0,0,103.74873353596759,0,91086848,52637696,9109504,65712128,43577344,14856192,49086464,58445824,9629696,42397696,5689344,8777728,0,0,0,0,0,0,0,0,0,0,0,0,1,1,1,1,1,1,1,1,1,1,1,1
1780595745,0.016225359543088014,0.021125203,1,0.004038245556645962,0.007580291970802737,0.0010299963512760907,0.010402686312597822,0.0018903201976129345,0.016225359543088014,0.0035648300809606594,0.0010093224737493527,0.005449910118754489,0.005483415723170164,0.002384664896612794,0.0010594159325526334,0,0,0,0,0,0,0,0,82.38796363343793,0,91086848,52670464,9117696,65839104,43577344,14950400,49086464,58793984,9498624,42397696,5689344,8773632,0,0,0,0,0,0,0,0,0,0,0,0,1,1,1,1,1,1,1,1,1,1,1,1
1780595760,0.017078129455374978,0.018858465,1,0.004090220330361642,0.007418860220658515,0.0007160314577749512,0.008969589877835828,0.0019341753972491576,0.017078129455374978,0.002628368729834922,0.0009334832652205653,0.007478415915915858,0.004735115099462918,0.0019248844899124248,0.0011510877754755855,0,0,0,0,0,0,0,0,0,0,90972160,52666368,9121792,66490368,43577344,14983168,49090560,58793984,9539584,42397696,5689344,8773632,0,0,0,0,0,0,0,0,0,0,0,0,1,1,1,1,1,1,1,1,1,1,1,1
1780595775,0.016690143916266793,0.059361952,1,0.0025273320724788473,0.0038400333333335366,0.000992277666420513,0.00732110034108492,0.001926073710073712,0.016690143916266793,0.003468995959548764,0.0007946477837042393,0.007254671367945478,0.005393900749763627,0.0022726419240141895,0.0009827425484618775,0,0,0,0,0,0,0,0,0,0,90972160,52666368,9129984,66490368,43577344,15151104,49090560,59097088,9547776,42405888,5689344,8773632,0,0,0,0,0,0,0,0,0,0,0,0,1,1,1,1,1,1,1,1,1,1,1,1
1780595790,0.016544916873297795,0.018040048,1,0.0026046902920201136,0.007071164655037378,0.0010695748031496156,0.00879644660318258,0.0012855905762606508,0.016544916873297795,0.003584088383622537,0.0003595230490790975,0.007397937878037716,0.005196071059309938,0.002221920870824054,0.0008966119605771079,0,0,0,0,0,0,0,0,0,0,90996736,52666368,9129984,66244608,43577344,14843904,49090560,59224064,9547776,42405888,5689344,8773632,0,0,0,0,0,0,0,0,0,0,0,0,1,1,1,1,1,1,1,1,1,1,1,1
1780595805,0.015827490857193757,0.01849287,1,0.0026449541442271703,0.007009692733746429,0.0009586470096194202,0.009046756191916246,0.0015062908680987532,0.015827490857193757,0.003513628139530337,0.0004634319170460295,0.006789595492050745,0.0044823196999890695,0.0015860310437366726,0.0009562649294245427,0,0,0,0,0,0,0,0,0,0,90996736,52703232,9129984,66363392,43577344,14794752,49102848,58830848,9691136,42405888,5689344,8962048,0,0,0,0,0,0,0,0,0,0,0,0,1,1,1,1,1,1,1,1,1,1,1,1
1780595820,0.015711848139063685,0.017140357,1,0.003079094647072239,0.006171526913165192,0.0009304690902569561,0.007307000516392493,0.0019496764370004196,0.015711848139063685,0.0029891160579318247,0.0006076253074720726,0.006441680328842581,0.005312210293970043,0.0016513909385056597,0.0009594661700807077,0,0,0,0,0,0,0,0,0,0,91111424,52703232,9134080,67244032,43577344,14794752,49102848,59002880,9703424,42405888,5689344,8962048,0,0,0,0,0,0,0,0,0,0,0,0,1,1,1,1,1,1,1,1,1,1,1,1
1780595835,0.016357332293291747,0.016496617,1,0.002436213481986168,0.008053669467787019,0.000971153846153847,0.009055958549222747,0.00225234764147091,0.016357332293291747,0.0036850486315313092,0.0006116402616154962,0.0064527693257990385,0.005398662850051141,0.002313350350092535,0.0011127219920963442,0,0,0,0,0,0,0,0,0,0,91115520,52703232,9129984,67469312,43577344,15085568,49115136,59002880,9502720,42409984,5689344,9039872,0,0,0,0,0,0,0,0,0,0,0,0,1,1,1,1,1,1,1,1,1,1,1,1
1780595850,0.016059084035428904,0.016182691,1,0.001767405293462011,0.008719923042285919,0.0007637795275590492,0.008286172206331741,0.002128756350276928,0.016059084035428904,0.0038199759326113234,0.0005992898474487107,0.006980902957965665,0.0053698519133764866,0.0023241855953439108,0.0009322842358553046,0,0,0,0,0,0,0,0,0,0,91111424,52727808,9129984,67899392,43577344,14856192,49119232,59224064,9711616,42414080,5689344,9187328,0,0,0,0,0,0,0,0,0,0,0,0,1,1,1,1,1,1,1,1,1,1,1,1
1780595865,0.016650947718032542,0.024204988,1,0.002104053540258423,0.008512211286741754,0.001323644427488199,0.008593615535380367,0.0020844569185331716,0.016650947718032542,0.0030073511997215823,0.0005415300788517898,0.005862214428129208,0.005710664765463651,0.0018191825730146873,0.0012603380158033302,0,0,0,0,0,0,0,0,0,0,91111424,52727808,9187328,67923968,43577344,14864384,49119232,58957824,9711616,42414080,5689344,8687616,0,0,0,0,0,0,0,0,0,0,0,0,1,1,1,1,1,1,1,1,1,1,1,1
1780595880,0.01682505160238994,0.104777774,1,0.0023325231333418796,0.007815425253831559,0.0010464665463897672,0.008568785010623964,0.001922687047465818,0.01682505160238994,0.0037450280167311365,0.0004393500000000161,0.007074610441924876,0.005604808199894326,0.002335368219560761,0.0010846959005734432,0,0,0,0,0,0,0,0,0,0,90968064,52658176,9248768,68161536,43577344,15003648,49123328,58957824,9551872,42414080,5951488,8683520,0,0,0,0,0,0,0,0,0,0,0,0,1,1,1,1,1,1,1,1,1,1,1,1
1780595895,0.017363038409080832,0.017568227,1,0.0023778130441491777,0.007592216428350908,0.0011344901010770909,0.008966903116730398,0.001991368526394826,0.017363038409080832,0.0036385220262403323,0.0005106862071597706,0.0060009185393671135,0.0057177877975464675,0.002330964914555388,0.0011515093343571565,0,0,0,0,0,0,0,0,0,0,91095040,52662272,9248768,68497408,43577344,14925824,49131520,59256832,9551872,42414080,5689344,8683520,0,0,0,0,0,0,0,0,0,0,0,0,1,1,1,1,1,1,1,1,1,1,1,1
1780595910,0.017445764207173958,0.01863887,1,0.0024892447103330583,0.00533617160890051,0.0008816799274851535,0.008969014084507065,0.001954439474685981,0.017445764207173958,0.0023410750000000037,0.0005085943468296397,0.008343959785957535,0.0059841540125807014,0.0023781956702524274,0.001076183604115291,0,0,0,0,0,0,0,0,0,0,91090944,52662272,9265152,68427776,43577344,14864384,49131520,59490304,9678848,42418176,5951488,8683520,0,0,0,0,0,0,0,0,0,0,0,0,1,1,1,1,1,1,1,1,1,1,1,1
1780595925,0.01724579211101129,0.015898962,1,0.00230040116105207,0.007637552290260888,0.0011002025899737916,0.009329568876674667,0.001403969271386013,0.01724579211101129,0.003909663959800824,0.00031644442785172853,0.0075104209828457755,0.00581973001485574,0.0023726199474498953,0.0009179909551434588,0,0,0,0,0,0,0,0,0,0,91090944,52658176,9265152,68919296,43577344,14995456,49135616,59691008,9424896,42414080,5689344,8683520,0,0,0,0,0,0,0,0,0,0,0,0,1,1,1,1,1,1,1,1,1,1,1,1
1780595940,0.018006805293005843,0.012642227,1,0.002754822096219003,0.007993199922284835,0.0004999926607394362,0.008026964798177268,0.002036148809673102,0.018006805293005843,0.00425928335077343,0.0006863127958061858,0.006700642688014286,0.0059765908920023925,0.0024449392635828055,0.001280277639630661,0,0,0,0,0,0,0,0,0,0,91099136,52629504,9265152,68919296,43577344,15241216,49143808,60039168,9609216,42418176,5689344,8687616,0,0,0,0,0,0,0,0,0,0,0,0,1,1,1,1,1,1,1,1,1,1,1,1
1780595955,0.01800782549153851,0.016889407,1,0.0025313857001591318,0.006656854355130753,0.001120442326203825,0.010159337493998988,0.0017758817907044847,0.01800782549153851,0.004060173808810271,0.0007064969493772041,0.0070522812111156906,0.00551094802112096,0.002445349841635486,0.0012443779470438616,0,0,0,0,0,0,0,0,0,0,91111424,52629504,9265152,69136384,43577344,15114240,49152000,59531264,9424896,42414080,5689344,8687616,0,0,0,0,0,0,0,0,0,0,0,0,1,1,1,1,1,1,1,1,1,1,1,1
1780595970,0.01844575035125674,0.016603541,1,0.0026266647454766283,0.007615601570867654,0.0011467056442545584,0.010622258868109946,0.00211909041181525,0.01844575035125674,0.004012906319301473,0.0008440518384243009,0.007944899660451806,0.006223168041434767,0.0024416079935916557,0.0013395081931443875,0,0,0,0,0,0,0,0,0,0,91107328,52629504,9293824,69136384,43577344,15233024,49152000,59531264,9424896,42414080,5689344,8687616,0,0,0,0,0,0,0,0,0,0,0,0,1,1,1,1,1,1,1,1,1,1,1,1
1780595985,0.018328497193930496,0.038490077,1,0.0024818754024803448,0.006260911604402572,0.0010556266232507711,0.00911470834496222,0.002024864009093141,0.018328497193930496,0.003971772317841636,0.00043415866122217296,0.008364074877196228,0.006209659036945493,0.00239000548440177,0.0012923816835260261,0,0,0,0,0,0,0,0,0,0,90988544,52629504,9289728,70090752,43577344,14692352,49152000,59809792,9367552,42414080,5689344,8687616,0,0,0,0,0,0,0,0,0,0,0,0,1,1,1,1,1,1,1,1,1,1,1,1
1780596000,0.016605151535131344,0.019954844,1,0.0023581878666475444,0.007195391967730538,0.0007601605407688932,0.00874476667860115,0.00197438597162929,0.016605151535131344,0.0036836919471665594,0.00032052209804079364,0.008116447157083114,0.005938126810119921,0.001954164961820589,0.0013407889033376663,0,0,0,0,0,0,0,0,80.52818177225825,0,90988544,52662272,9289728,69357568,43577344,14835712,49414144,59977728,9367552,42414080,5951488,8753152,0,0,0,0,0,0,0,0,0,0,0,0,1,1,1,1,1,1,1,1,1,1,1,1
1780596015,0.016648873096866062,0.015204722,1,0.0021433844193801056,0.007490048817123441,0.0006339343566369552,0.0061136703311712665,0.0018957476889614195,0.016648873096866062,0.0030770447881195624,0.0002639871914028516,0.0071671008847729815,0.00541030927835061,0.0020384803323549145,0.0013295046201232225,0,0,0,0,0,0,0,0,84.00269063780347,0,90992640,52662272,9289728,69935104,43577344,15147008,49414144,60162048,9367552,42414080,5951488,8744960,0,0,0,0,0,0,0,0,0,0,0,0,1,1,1,1,1,1,1,1,1,1,1,1
1780596030,0.01478349631552123,0.091709134,1,0.002158492357353132,0.006845909897515637,0.0008679892891917895,0.008486793743054992,0.0018675392670157126,0.01478349631552123,0.0029233983225530977,0.0003775384415752996,0.006341350547335212,0.00506686772254286,0.0018295805077658332,0.001161431420056152,0,0,0,0,0,0,0,0,117.95941696535246,0,90988544,52658176,9289728,70385664,43577344,15138816,49164288,60407808,9625600,42414080,5951488,8744960,0,0,0,0,0,0,0,0,0,0,0,0,1,1,1,1,1,1,1,1,1,1,1,1
1780596045,0.01510355361447208,0.081916908,1,0.0026045846770678654,0.00818217227058345,0.0009635160847825238,0.0067733393043349485,0.001915382354176293,0.01510355361447208,0.003136292799193244,0.0003795110858442185,0.005204068449175818,0.0051410998398290254,0.0022613209391221184,0.0009310656732760627,0,0,0,0,0,0,0,0,88.96031970114892,0,91004928,52658176,9289728,70385664,43577344,15060992,49172480,60551168,9625600,42414080,5951488,8744960,0,0,0,0,0,0,0,0,0,0,0,0,1,1,1,1,1,1,1,1,1,1,1,1
1780596060,0.01549427480916032,0.026448542,1,0.0028945353289244725,0.006503300045197103,0.0013476886606084296,0.00791541501976285,0.0019776062997662208,0.01549427480916032,0.0032722580960767318,0.000608749790474362,0.007096990708080535,0.005366226471723158,0.0022782291958532,0.0010351106503808255,0,0,0,0,0,0,0,0,0,0,91004928,52670464,9302016,70279168,43577344,14856192,49180672,60825600,9674752,42414080,5693440,8744960,0,0,0,0,0,0,0,0,0,0,0,0,1,1,1,1,1,1,1,1,1,1,1,1
1780596075,0.016176332085423125,0.018050702,1,0.002827454136715528,0.007031529867159294,0.0014637396025302756,0.008574069778231561,0.001991171065345477,0.016176332085423125,0.0032813957827953133,0.0006553340149965826,0.007213977369972479,0.005404769230769356,0.0022918530351437676,0.0010821897501059076,0,0,0,0,0,0,0,0,0,0,91004928,52633600,9302016,69947392,43577344,14958592,49180672,60198912,9494528,42414080,5951488,8749056,0,0,0,0,0,0,0,0,0,0,0,0,1,1,1,1,1,1,1,1,1,1,1,1
1780596090,0.01658136846971793,0.024185396,1,0.002560572722344514,0.0037003999999999596,0.0013380444995302276,0.005720050247738784,0.002005733846812159,0.01658136846971793,0.003582345191040862,0.000644548049476697,0.0054519674481062945,0.005703390714658382,0.0023178521873445618,0.0012288518928658526,0,0,2005.0786790672598,0,0,0,0,0,0,0,91004928,52633600,9048064,70033408,43577344,15364096,49188864,60436480,9523200,42414080,5951488,8749056,0,0,0,0,0,0,0,0,0,0,0,0,1,1,1,1,1,1,1,1,1,1,1,1
1780596105,0.01567042603734213,0.015987835,1,0.002697841031738073,0.006992318661469751,0.0009009226592111665,0.008901294172869301,0.002007217230066998,0.01567042603734213,0.0034727723549166424,0.00041826531735263107,0.006905485914543842,0.005341601143674066,0.00224504729125453,0.001122141161993508,0,0,2539.6414611133578,0,0,0,0,0,0,0,91017216,52670464,9048064,70139904,43577344,14835712,49188864,60436480,9523200,42414080,5689344,8753152,0,0,0,0,0,0,0,0,0,0,0,0,1,1,1,1,1,1,1,1,1,1,1,1
1780596120,0.01666729939603098,0.0173297,1,0.0029865063006014464,0.0083311507692308,0.0009756551755461526,0.006635934163512558,0.002036823761175921,0.01666729939603098,0.00368483517882144,0.0005158476968625958,0.0069548100977938915,0.005619831439746671,0.0023259325044404904,0.0011369845427001437,0,0,2142.5517398226066,0,0,0,0,0,0,0,91136000,52658176,9048064,70139904,43577344,14938112,49197056,60710912,9637888,42414080,5689344,8753152,0,0,0,0,0,0,0,0,0,0,0,0,1,1,1,1,1,1,1,1,1,1,1,1
1780596135,0.016218435885895617,0.01686562,1,0.002735517568850892,0.005659631184750728,0.0008802758558921868,0.008673433886176462,0.00158773798311446,0.016218435885895617,0.004028494018082685,0.00042211515724756277,0.0063722047946585415,0.005364164202768074,0.002428311688311657,0.0010568436306152079,0,0,0,0,0,0,0,0,0,0,91136000,52686848,9048064,70352896,43577344,14766080,49201152,60882944,9637888,42414080,5689344,8753152,0,0,0,0,0,0,0,0,0,0,0,0,1,1,1,1,1,1,1,1,1,1,1,1
1780596150,0.011977446181472137,0.018210723,1,0.0023473010670880617,0.007686713661104837,0.0008797371253234661,0.007690777460310531,0.0020721233741774012,0.011977446181472137,0.0036550409256762436,0.00036875209100032264,0.004587311140779557,0.005498922637053003,0.0023954128267465406,0.0011197506054516383,0,0,0,0,0,0,0,0,0,0,91136000,52686848,9089024,70402048,43577344,14766080,49209344,61087744,9445376,42418176,5689344,8753152,0,0,0,0,0,0,0,0,0,0,0,0,1,1,1,1,1,1,1,1,1,1,1,1
1780596165,0.01420043759116474,0.012764493,1,0.002327073303660603,0.006345503836988233,0.0007252621119715162,0.0044208042953258735,0.002012489037011052,0.01420043759116474,0.0035347754088180376,0.00040879316988094857,0.0065765378767769405,0.005368730663645506,0.0019380852272727336,0.0007277927693863293,0,0,0,0,0,0,0,0,0,0,91136000,52633600,9089024,70402048,43577344,14991360,49209344,60575744,9691136,42414080,5689344,8753152,0,0,0,0,0,0,0,0,0,0,0,0,1,1,1,1,1,1,1,1,1,1,1,1
1780596180,0.014829597427885536,0.024137415,1,0.002037551975064494,0.005762592069042519,0.0007769897198193795,0.00738395562392213,0.0020058618794651065,0.014829597427885536,0.00310821779571785,0.0004087909186906089,0.007249401407153678,0.005167477466353893,0.0022146524241295307,0.0009906138668128153,0,0,1735.145688289682,0,0,0,0,0,0,0,91017216,52662272,9089024,70651904,43577344,14893056,49209344,60682240,9515008,42414080,5951488,8753152,0,0,0,0,0,0,0,0,0,0,0,0,1,1,1,1,1,1,1,1,1,1,1,1
1780596195,0.01296433275141157,0.026474709,1,0.002660803526613161,0.005495898814621413,0.000578750246402533,0.008227179537245053,0.0019872983614886344,0.01296433275141157,0.0034134287734939226,0.0004919376102874063,0.006043200298187711,0.005641878841088685,0.0021414617829069015,0.0010288178000178673,0,0,1938.5783534744453,0,0,0,0,0,0,0,91136000,52658176,9089024,71008256,43577344,15040512,49217536,60936192,9515008,42414080,5951488,8753152,0,0,0,0,0,0,0,0,0,0,0,0,1,1,1,1,1,1,1,1,1,1,1,1
1780596210,0.01998468156780618,0.065010866,1,0.0026893847061136137,0.010040508041484974,0.0016230073123581353,0.010743828815179109,0.0020554325259515504,0.01998468156780618,0.003936707838863345,0.0005675299113165517,0.009362539590435325,0.006375864719446462,0.0018627015564201756,0.0012418025008961871,0,0,2277.701216121467,0,0,0,0,0,0,0,91136000,52666368,9187328,71102464,43577344,14737408,49225728,61165568,9428992,42414080,5689344,8757248,0,0,0,0,0,0,0,0,0,0,0,0,1,1,1,1,1,1,1,1,1,1,1,1
1780596225,0.019135133477780834,0.016104688,1,0.002696332234377306,0.009930444137801859,0.0013460199595290612,0.01008536187278461,0.0015996222375884417,0.019135133477780834,0.004088612321095222,0.0006083370820212986,0.00965950402898374,0.0064087322676915325,0.0024701203960178454,0.0011842028278888498,0,0,1961.5632873175502,0,0,0,0,0,0,0,91136000,52662272,9187328,70606848,43577344,14942208,49229824,61358080,9543680,42414080,5951488,8757248,0,0,0,0,0,0,0,0,0,0,0,0,1,1,1,1,1,1,1,1,1,1,1,1
1780596240,0.019026762384860715,0.018107989,1,0.002932463903120676,0.009091539207011352,0.0014038873933476421,0.009525684654027112,0.001965904488383245,0.019026762384860715,0.003961810550377405,0.0005416876998149095,0.007617943950059756,0.006083866426515969,0.002353616939995068,0.001061485244838396,0,0,0,0,0,0,0,0,0,0,91140096,52662272,9191424,70696960,43577344,14942208,49233920,60854272,9351168,42414080,5951488,8757248,0,0,0,0,0,0,0,0,0,0,0,0,1,1,1,1,1,1,1,1,1,1,1,1
1780596255,0.015346124210201971,0.019646554,1,0.0029092971639951113,0.006738342389100708,0.0009500689471108864,0.007362415381620881,0.0012528250000000349,0.015346124210201971,0.0034285234053281276,0.0003592417453196246,0.007585771416543854,0.005468408935879989,0.0022857113380790007,0.0007656909894295089,0,0,0,0,0,0,0,0,0,0,91148288,52662272,9199616,70778880,43577344,14995456,49238016,60854272,9543680,42414080,5689344,8761344,0,0,0,0,0,0,0,0,0,0,0,0,1,1,1,1,1,1,1,1,1,1,1,1
1780596270,0.01557112199555693,0.015906281,1,0.0028563908581103687,0.007342103033384049,0.0007376790960685486,0.008342448207859902,0.0018287417982859385,0.01557112199555693,0.003437751985338989,0.0004637323720989081,0.006182022570215403,0.0056087193698312965,0.0022303200332502277,0.0008743158717748334,0,0,0,0,0,0,0,0,0,0,91029504,52662272,9199616,71389184,43577344,15011840,49242112,61231104,9347072,42414080,5689344,9543680,0,0,0,0,0,0,0,0,0,0,0,0,1,1,1,1,1,1,1,1,1,1,1,1
1780596285,0.013553934290284517,0.023105227,1,0.002566161409258472,0.007893542285868672,0.001273972897397288,0.008220477669068419,0.0019653529558493125,0.013553934290284517,0.0026307761125049264,0.00046223831816977684,0.007590489504738904,0.005590975674715813,0.002303781448427847,0.0010443858151625526,0,0,0,0,0,0,0,0,0,0,91029504,52662272,9199616,71032832,43577344,14733312,49242112,61476864,9506816,42405888,5689344,8839168,0,0,0,0,0,0,0,0,0,0,0,0,1,1,1,1,1,1,1,1,1,1,1,1
1780596300,0.017465492525087337,0.015346617,1,0.0024847921987461935,0.009029491252192871,0.0013066852549720154,0.009122699759094556,0.002114359914451571,0.017465492525087337,0.003832411844206913,0.0003973837038150471,0.007918242993722164,0.005664301824892403,0.002340791886934959,0.0012226549591653458,0,0,0,0,0,0,0,0,0,0,91029504,52666368,9199616,71557120,43577344,14749696,49246208,61685760,9601024,42414080,5689344,8835072,0,0,0,0,0,0,0,0,0,0,0,0,1,1,1,1,1,1,1,1,1,1,1,1
1780596315,0.017768331860894444,0.018734603,1,0.002541756970015698,0.006671087323943858,0.0012498049880884537,0.008619365928189378,0.0019975645102854054,0.017768331860894444,0.003736595906349436,0.00043678272946563734,0.00813073556991027,0.00561604129885798,0.002733207940536626,0.001254251413383757,0,0,0,0,0,0,0,0,92.82088469905729,0,91033600,52666368,9199616,71913472,43577344,14946304,49250304,61788160,9490432,42414080,5689344,8835072,0,0,0,0,0,0,0,0,0,0,0,0,1,1,1,1,1,1,1,1,1,1,1,1
1780596330,0.01749752611324923,0.013414895,1,0.007082539149418536,0.008353381867434341,0.0009626486291025766,0.008564381602986885,0.001922117502433033,0.01749752611324923,0.0026045954391779812,0.0004501895657432607,0.0072109097881313915,0.005389335790600904,0.0026990248432784145,0.0011222860184797886,0,0,0,0,0,0,0,0,95.1009983747388,0,91152384,52658176,9199616,71704576,43589632,14913536,49262592,61313024,9592832,42414080,5689344,8835072,0,0,0,0,0,0,0,0,0,0,0,0,1,1,1,1,1,1,1,1,1,1,1,1
1780596345,0.017651441225041142,0.035618604,1,0.007719485431453119,0.008151749116224478,0.0008607962611107467,0.00785561478560767,0.0019634591961023183,0.017651441225041142,0.0036272651107121493,0.0004176981015724753,0.007599784830554084,0.005664250157073095,0.002831360591582439,0.0010886224779021174,0,0,0,0,0,0,0,0,98.34097620705386,0,91152384,52621312,9199616,71364608,43589632,14798848,49270784,61534208,9523200,42414080,5951488,8835072,0,0,0,0,0,0,0,0,0,0,0,0,1,1,1,1,1,1,1,1,1,1,1,1
1780596360,0.017714965828061466,0.022874469,1,0.007695909872409731,0.005734167374284845,0.0009202299292689937,0.008614762409549722,0.0020121220902153862,0.017714965828061466,0.003685322672758436,0.00045996395468590664,0.00704011586911366,0.005958183036174335,0.0023656493888970552,0.00107078423755882,0,0,0,0,0,0,0,0,0,0,91271168,52629504,9199616,71561216,43589632,15118336,49270784,61685760,9568256,42414080,5689344,8921088,0,0,0,0,0,0,0,0,0,0,0,0,1,1,1,1,1,1,1,1,1,1,1,1
1780596375,0.014076810734067838,0.017961094,1,0.0025432268949058495,0.007106361852525938,0.0006297890955977099,0.009095074313005724,0.0020910774095571094,0.014076810734067838,0.0036180342651036613,0.00036177704020990363,0.007576671474193902,0.0058920553246697375,0.0019553849949070605,0.0009383997749763785,0,0,0,0,0,0,0,0,0,0,91271168,52649984,9199616,71397376,43589632,15118336,49270784,61845504,9568256,42418176,5689344,8921088,0,0,0,0,0,0,0,0,0,0,0,0,1,1,1,1,1,1,1,1,1,1,1,1
1780596390,0.017370212350976084,0.020842341,1,0.0024539358043561364,0.0070280668558816125,0.0003932683790965682,0.008012619348497759,0.001924928240229632,0.017370212350976084,0.0035789361928017785,0.015913585493695995,0.007158583740973564,0.0055941895808298515,0.0022504411917367547,0.0008268591224018791,0,192659.722529159,0,0,0,0,0,0,0,0,91271168,52658176,9199616,71884800,43589632,14905344,49274880,66383872,9494528,42418176,5689344,8921088,0,0,0,0,0,0,0,0,0,0,0,0,1,1,1,1,1,1,1,1,1,1,1,1
1780596405,0.016673190647036866,0.05888782,1,0.0023130027097940423,0.00699056538488164,0.0006405579904802323,0.006748667496597551,0.0019255391650361854,0.016673190647036866,0.00352028592819708,0.0937954376657825,0.008031102833577339,0.005495393739106833,0.0022047809354647976,0.0008853198767558859,0,176589.2566804598,0,0,0,0,0,0,0,0,91275264,52629504,9199616,71884800,43589632,15118336,49287168,66695168,9515008,42414080,5689344,8929280,0,0,0,0,0,0,0,0,0,0,0,0,1,1,1,1,1,1,1,1,1,1,1,1
1780596420,0.00596993333333368,0.021130999,1,0.0023300757154260665,0.006672861898258927,0.0008335420178184634,0.007503558839479324,0.0017768441863338397,0.00596993333333368,0.002884663242720984,0.1616918812369102,0.005153051981383732,0.005437986540368275,0.0017735525679244998,0.0009556620227363523,0,168673.29177446512,0,0,0,0,0,0,0,0,91152384,52633600,9199616,71663616,43589632,15118336,49287168,66195456,9662464,42414080,5689344,8933376,0,0,0,0,0,0,0,0,0,0,0,0,1,1,1,1,1,1,1,1,1,1,1,1
1780596435,0.015107398949531807,0.015690839,1,0.0022219219682931405,0.00589423414977142,0.000844587909369713,0.006914312412396573,0.0018210244648318068,0.015107398949531807,0.003291819140358489,0.20005032413409887,0.007163379132090867,0.005341257371018646,0.0021240291833372806,0.0011431442404311605,0,0,0,0,0,0,0,0,0,0,91156480,52621312,9199616,71663616,43589632,14938112,49287168,66383872,9723904,42414080,5689344,8933376,0,0,0,0,0,0,0,0,0,0,0,0,1,1,1,1,1,1,1,1,1,1,1,1
1780596450,0.016494193974957442,0.020764985,1,0.002238729666924878,0.006910215267010315,0.0006417580413522379,0.006878841858127704,0.0018681421628900941,0.016494193974957442,0.0033253205427297367,0.19987511545566503,0.007218307984453406,0.005168734192460509,0.0021418029228766093,0.0011760925164016362,0,0,0,0,0,0,0,0,0,0,91152384,52649984,9199616,71983104,43593728,15044608,49299456,66740224,9527296,42414080,5689344,8941568,0,0,0,0,0,0,0,0,0,0,0,0,1,1,1,1,1,1,1,1,1,1,1,1
1780596465,0.012309621599668617,0.016028348,1,0.0022017143447279407,0.007607862624923991,0.001053728089148823,0.008494669583637262,0.0018938051346968066,0.012309621599668617,0.0027986158739366266,0.19992055980378015,0.006041363128577371,0.005444441517386724,0.0021503643613364617,0.0012137577052481424,0,0,0,0,0,0,0,0,0,0,91152384,52649984,9199616,71933952,43589632,15179776,49307648,66740224,9527296,42414080,5689344,8933376,0,0,0,0,0,0,0,0,0,0,0,0,1,1,1,1,1,1,1,1,1,1,1,1
1780596480,0.01697975935307896,0.015286375,1,0.0024495557676775513,0.008983176266840543,0.001098967325918058,0.006273000000000194,0.0018908165625722937,0.01697975935307896,0.003767446011065561,0.19991552652484773,0.007791873602276996,0.005487500677837459,0.0021169776690119044,0.0012428521685301814,0,0,0,0,0,0,0,0,0,0,91226112,52682752,9199616,71933952,43589632,14692352,49307648,67059712,9486336,42422272,5951488,8933376,0,0,0,0,0,0,0,0,0,0,0,0,1,1,1,1,1,1,1,1,1,1,1,1
1780596495,0.01644396079792796,0.01484139,1,0.002560946004893089,0.007886204418897024,0.0009766861100984545,0.009093564126394256,0.0015054968668482415,0.01644396079792796,0.0034560866550297623,0.20011048085901026,0.006904673519893448,0.005069618984914075,0.0021151450094883703,0.0011134757634612817,0,0,0,0,0,0,0,0,0,0,91353088,52690944,9199616,72560640,43589632,15011840,49307648,67207168,9732096,42414080,5693440,8933376,0,0,0,0,0,0,0,0,0,0,0,0,1,1,1,1,1,1,1,1,1,1,1,1
1780596510,0.016735643709646152,0.026438641,1,0.002755607423431568,0.0037794333333332967,0.0006756398606694053,0.009476092042795687,0.0017886493685872085,0.016735643709646152,0.0032724264705882144,0.16551433411006383,0.005343063290631498,0.005000085592621896,0.0020843489416292266,0.0010471131822130894,0,0,0,0,0,0,0,0,0,0,91353088,52690944,9199616,72749056,43593728,14639104,49315840,67518464,9486336,42414080,5689344,8933376,0,0,0,0,0,0,0,0,0,0,0,0,1,1,1,1,1,1,1,1,1,1,1,1
1780596525,0.0160670495004019,0.01768493,1,0.0024329227510867957,0.007722843889462796,0.0006835051110669723,0.00824658826096192,0.0017596975673898445,0.0160670495004019,0.00274064136326497,0.1628136107034211,0.005287334104123562,0.004869599893659521,0.0020801615345785113,0.0007730863591756641,0,0,0,0,0,0,0,0,0,0,91353088,52703232,9199616,72749056,43593728,15282176,49319936,67518464,9486336,42418176,5689344,8933376,0,0,0,0,0,0,0,0,0,0,0,0,1,1,1,1,1,1,1,1,1,1,1,1
1780596540,0.017029475154659454,0.01308097,1,0.002383989385227705,0.008227320607353088,0.0010141122577149496,0.010117161217976182,0.0012289591886608003,0.017029475154659454,0.0035330858718868054,0.1999573160369343,0.0068740516233830535,0.004483001926919246,0.002090860263181439,0.0009046302250803939,0,0,0,0,0,0,0,0,0,0,91357184,52707328,9199616,73261056,43589632,14839808,49324032,66916352,9490432,42418176,5689344,8933376,0,0,0,0,0,0,0,0,0,0,0,0,1,1,1,1,1,1,1,1,1,1,1,1
1780596555,0.013733623629942923,0.016080649,1,0.00193804888302928,0.00549927593180698,0.0007606710393541958,0.00932814035375054,0.0017646904261418236,0.013733623629942923,0.0034256267053205587,0.1998693542074364,0.007311015177432077,0.005413987771883953,0.0021101704208979838,0.0009854061942597876,0,0,0,0,0,0,0,0,0,0,91353088,52670464,9199616,73019392,43589632,14839808,49332224,67182592,9494528,42426368,6213632,8933376,0,0,0,0,0,0,0,0,0,0,0,0,1,1,1,1,1,1,1,1,1,1,1,1
1780596570,0.018162149729750728,0.037088779,1,0.002240509051100668,0.007082603803617371,0.0008336648928234176,0.0073431906614787185,0.0017536118882723018,0.018162149729750728,0.003344432225004114,0.20009737554979465,0.005406171481285027,0.005390255634964312,0.0020972534412261917,0.001054544968166519,0,0,0,0,0,0,0,0,0,0,91357184,52666368,9199616,73662464,43589632,14811136,49336320,67342336,9494528,42418176,5689344,8933376,0,0,0,0,0,0,0,0,0,0,0,0,1,1,1,1,1,1,1,1,1,1,1,1
1780596585,0.01661371760044168,0.024410786,1,0.002169812110306743,0.006280456081491521,0.000814242823509075,0.007264210685981019,0.001744345081536001,0.01661371760044168,0.0033542404533453574,0.19991847933362286,0.0073392359856295246,0.005532587047592776,0.0020430454985022268,0.0010410869381904228,0,0,0,0,0,0,0,0,0,0,91230208,52629504,9199616,73146368,43589632,14639104,49344512,67538944,9494528,42418176,5951488,8933376,0,0,0,0,0,0,0,0,0,0,0,0,1,1,1,1,1,1,1,1,1,1,1,1
1780596600,0.0108922962318754,0.016419159,1,0.0022499695084767183,0.005951408061844201,0.0007706853274040427,0.005943260423508093,0.001751785433997808,0.0108922962318754,0.003444084677336754,0.20015949899273014,0.007720635610807009,0.005504117354169028,0.002132119763545962,0.0011344786182691461,0,0,0,0,0,0,0,0,0,0,91230208,52596736,9199616,73146368,43593728,14639104,49344512,67174400,9592832,42418176,5689344,8933376,0,0,0,0,0,0,0,0,0,0,0,0,1,1,1,1,1,1,1,1,1,1,1,1
1780596615,0.015364322299939476,0.016893001,1,0.0023364967293115426,0.00599814161721511,0.0009676125302342018,0.007313175273357268,0.0017580270067516564,0.015364322299939476,0.0034338316020606553,0.19998084973295466,0.007854218985434347,0.004658773148940543,0.001726469917564169,0.000744516254561044,0,0,0,0,0,0,0,0,0,0,91230208,52596736,9199616,73822208,43589632,14934016,49344512,67280896,9719808,42418176,5689344,8933376,0,0,0,0,0,0,0,0,0,0,0,0,1,1,1,1,1,1,1,1,1,1,1,1
1780596630,0.01638074098177716,0.014335242,1,0.00236283731275296,0.006051241907502491,0.0008366020107209515,0.007771102306116965,0.0014910779311877649,0.01638074098177716,0.0032847813225322527,0.20000576179880544,0.007376272243379825,0.005306685991075198,0.002248307091520918,0.0010220158620842853,0,0,0,0,0,0,0,0,85.08163350089318,0,91230208,52596736,9203712,73539584,43589632,14757888,49352704,67575808,9527296,42418176,5689344,8933376,0,0,0,0,0,0,0,0,0,0,0,0,1,1,1,1,1,1,1,1,1,1,1,1
1780596645,0.016187975809320052,0.019918437,1,0.0022120457406068217,0.005908195175221081,0.0005125041140312475,0.00583158726000413,0.0017385304331931542,0.016187975809320052,0.0031560887703966697,0.19999256919933117,0.006772404823835302,0.0050851019011005135,0.0021879880767619736,0.0009823733518389893,0,0,0,0,0,0,0,0,100.90409676545215,0,91230208,52678656,9203712,73175040,43589632,14921728,49356800,67760128,9527296,42426368,5689344,8810496,0,0,0,0,0,0,0,0,0,0,0,0,1,1,1,1,1,1,1,1,1,1,1,1
1780596660,0.016187975809320056,0.014391253,1,0.002007303428985798,0.007415639334862402,0.001016514767354202,0.007726627513644643,0.001805169647991742,0.016187975809320056,0.0022165257250394005,0.19993113945206034,0.006985942824687599,0.003322149999999979,0.0015770051578835203,0.000824883322931235,0,0,0,0,0,0,0,0,0,0,91230208,52682752,9203712,74027008,43589632,14921728,49360896,68014080,9527296,42426368,5689344,8810496,0,0,0,0,0,0,0,0,0,0,0,0,1,1,1,1,1,1,1,1,1,1,1,1
1780596675,0.01543605822607884,0.014156357,1,0.002123484468568409,0.008091024992855902,0.0011211728074727817,0.008071143118807828,0.0019281084794360557,0.01543605822607884,0.003349926356009983,0.2001270328132077,0.007318250304929146,0.004791311098929186,0.0021431138262510267,0.001155085032098174,0,0,0,0,0,0,0,0,0,0,91230208,52682752,9203712,73363456,43589632,15249408,49364992,68280320,9605120,42430464,5689344,8814592,0,0,0,0,0,0,0,0,0,0,0,0,1,1,1,1,1,1,1,1,1,1,1,1
1780596690,0.015670028722196947,0.071042875,1,0.002144367125844408,0.008867066567362398,0.001164421985739682,0.00825754580202991,0.001884187370600401,0.015670028722196947,0.00351619304651534,0.14719280955281172,0.007502706328645592,0.00546488060307867,0.002161277800611932,0.0011115075825156057,0,9903.032316409204,0,0,0,0,0,0,0,0,91234304,52711424,9203712,73408512,43589632,15249408,49369088,64204800,9342976,42434560,5951488,8814592,0,0,0,0,0,0,0,0,0,0,0,0,1,1,1,1,1,1,1,1,1,1,1,1
1780596705,0.018047750299875036,0.011875423,1,0.002457330064835313,0.006614647998313364,0.0007254763291455374,0.008429105365091302,0.0019068847504333881,0.018047750299875036,0.003614027257037402,0.11901902682470347,0.0076871006574683876,0.005402589417468967,0.002247436392500127,0.0006131902766317163,0,15215.108036068736,0,0,0,0,0,0,0,0,91234304,52711424,9203712,73637888,43589632,15040512,49369088,64204800,9355264,42426368,5689344,8814592,0,0,0,0,0,0,0,0,0,0,0,0,1,1,1,1,1,1,1,1,1,1,1,1
1780596720,0.018047750299875032,0.015543512,1,0.002511265458241628,0.009238117739712637,0.0007016267360150552,0.00906678313173057,0.0019897122474280987,0.018047750299875032,0.0034877304866213917,0.028579238529124654,0.007576609396667173,0.004527536396833354,0.0023685775648439023,0.0008319468518108541,0,14550.818960841742,0,0,0,0,0,0,0,0,91234304,52674560,9203712,74289152,43589632,15040512,49381376,64483328,9457664,42426368,5689344,8888320,0,0,0,0,0,0,0,0,0,0,0,0,1,1,1,1,1,1,1,1,1,1,1,1
1780596735,0.014170860664782233,0.067453308,1,0.002630009568526348,0.009710812803608521,0.000992609647252797,0.0075758520774597184,0.0020785286389910724,0.014170860664782233,0.003785217622080705,0.000752619194352904,0.00825029723991499,0.006269431082498515,0.0024634449155520152,0.001078751106054888,0,0,0,0,0,0,0,0,0,0,91238400,52654080,9203712,74289152,43589632,15069184,49389568,64802816,9461760,42426368,5951488,8888320,0,0,0,0,0,0,0,0,0,0,0,0,1,1,1,1,1,1,1,1,1,1,1,1
1780596750,0.02011635702221587,0.01941694,1,0.002729057749295337,0.007321025854850582,0.0019669536481432804,0.009538004564925066,0.002256220847596706,0.02011635702221587,0.00433929515173423,0.0007045784991540614,0.00855573223704617,0.006161030815380425,0.00255906359958827,0.0012505382987885796,0,0,0,0,0,0,0,0,0,0,91246592,52686848,9211904,74141696,43589632,14667776,49393664,65163264,9670656,42426368,5689344,8892416,0,0,0,0,0,0,0,0,0,0,0,0,1,1,1,1,1,1,1,1,1,1,1,1
1780596765,0.0171625937867233,0.023932154,1,0.0026752083751299294,0.010471231918454806,0.0021027379053694664,0.008789335450769892,0.002364615840185833,0.0171625937867233,0.0035033841819420274,0.0006045960360832016,0.008640969981421753,0.0052181160768951474,0.0025289107836179202,0.0010738669690385691,0,0,0,0,0,0,0,0,0,0,91242496,52690944,9412608,74022912,43667456,14811136,49393664,65310720,9687040,42426368,5689344,8892416,0,0,0,0,0,0,0,0,0,0,0,0,1,1,1,1,1,1,1,1,1,1,1,1
1780596780,0.01761164659401082,0.038890617,1,0.002687115644217708,0.010463058534107162,0.0019442118770641628,0.007868478079679771,0.002301915511890423,0.01761164659401082,0.003951377462768398,0.0006155533063427555,0.00819418722541408,0.0064118032071561705,0.0025082429637059184,0.0013128840358498602,0,0,0,0,0,0,0,0,0,0,91246592,52686848,9408512,74543104,43667456,14655488,49401856,64753664,9891840,42426368,5689344,8892416,0,0,0,0,0,0,0,0,0,0,0,0,1,1,1,1,1,1,1,1,1,1,1,1
1780596795,0.012208599172696448,0.034093274,1,0.0025363698324284947,0.010125892880851936,0.0014574769987166526,0.0088041830065359,0.0022432023575638515,0.012208599172696448,0.003816727075474024,0.0005196141479099957,0.008175314983098583,0.006789079347525632,0.002502498636115665,0.0013124202467035277,0,0,0,0,0,0,0,0,0,0,91246592,52711424,9232384,74608640,43667456,14655488,49401856,65019904,9527296,42426368,5689344,8892416,0,0,0,0,0,0,0,0,0,0,0,0,1,1,1,1,1,1,1,1,1,1,1,1
1780596810,0.019923565376373697,0.015617551,1,0.0027517156725994844,0.009956961466269225,0.001067757346509456,0.009045554475119429,0.0021431024166905155,0.019923565376373697,0.0027985099338390567,0.0005259958978606923,0.008768347970827222,0.0064752119031648795,0.0025160054599092803,0.0008167511304047355,0,0,0,0,0,0,0,0,0,0,91254784,52674560,9232384,74809344,43667456,15044608,49405952,65351680,9543680,42426368,5689344,8892416,0,0,0,0,0,0,0,0,0,0,0,0,1,1,1,1,1,1,1,1,1,1,1,1
1780596825,0.02027110202785779,0.013010469,1,0.002803637692567144,0.009542816954632381,0.0012430529336253072,0.009039192817217524,0.002213064746619724,0.02027110202785779,0.0036293089671788964,0.00044276676669030313,0.00882436947398438,0.006359731057250935,0.0025107203083594293,0.000906243035266966,0,0,0,0,0,0,0,0,0,0,91250688,52666368,9232384,74756096,43667456,14888960,49405952,65536000,9555968,42426368,5689344,8892416,0,0,0,0,0,0,0,0,0,0,0,0,1,1,1,1,1,1,1,1,1,1,1,1
1780596840,0.012611815771028505,0.013882217,1,0.0030885002750038735,0.008449956184814068,0.0013199241475808194,0.008480727885276158,0.002225706472196917,0.012611815771028505,0.003928546220266822,0.0006332868762091569,0.007717509646469906,0.005948176381401551,0.0024054922256675866,0.0010851314497654712,0,0,0,0,0,0,0,0,0,0,92053504,52674560,9232384,74743808,43667456,14909440,49422336,65835008,9580544,42426368,5689344,8892416,0,0,0,0,0,0,0,0,0,0,0,0,1,1,1,1,1,1,1,1,1,1,1,1
1780596855,0.017519074135638645,0.015851321,1,0.003153986832479756,0.006531211264760204,0.000769459660609312,0.008760737937559044,0.0022235040330144925,0.017519074135638645,0.0038767623154752763,0.0006351031688406644,0.007425823300847146,0.005867234398994751,0.002408530227116676,0.0011368353619474769,0,0,0,0,0,0,0,0,0,0,91283456,52674560,9236480,74559488,43667456,14725120,49422336,66043904,9580544,42426368,5689344,8908800,0,0,0,0,0,0,0,0,0,0,0,0,1,1,1,1,1,1,1,1,1,1,1,1
1780596870,0.01372058674495078,0.014156809,1,0.003443368916229516,0.007980493915533156,0.0008609478779691726,0.008974069137118946,0.0021646772726429007,0.01372058674495078,0.0037897872847524497,0.0006146865373405422,0.005821059472200968,0.005816223067173701,0.0024522101064406356,0.0006510666666666628,0,0,0,0,0,0,0,0,0,0,91287552,52703232,9232384,74244096,43667456,14725120,49426432,65466368,9580544,42430464,5689344,8908800,0,0,0,0,0,0,0,0,0,0,0,0,1,1,1,1,1,1,1,1,1,1,1,1
1780596885,0.018066181459322744,0.020271039,1,0.002767627005084089,0.008597631390398977,0.0005207617783609315,0.00994396199228932,0.002037095704707867,0.018066181459322744,0.0038734761868705913,0.0003841030680204922,0.008647086665171928,0.0057387423077939256,0.002494774096073811,0.0010711145138357228,0,0,0,0,0,0,0,0,0,0,91291648,52703232,9232384,74817536,43667456,14827520,49430528,65662976,9695232,42434560,5951488,8908800,0,0,0,0,0,0,0,0,0,0,0,0,1,1,1,1,1,1,1,1,1,1,1,1
1780596900,0.019082710280373824,0.018308585,1,0.004030642920821944,0.007508717185870862,0.0005813922622602558,0.010015291801080918,0.002058901130245654,0.019082710280373824,0.00392965760816242,0.00037873204931603596,0.00802385161038548,0.006058667279646491,0.002461217696996879,0.000947988816965957,0,0,0,0,0,0,0,0,0,0,91336704,52707328,9089024,74858496,43667456,15187968,49434624,65810432,9355264,42409984,5689344,8912896,0,0,0,0,0,0,0,0,0,0,0,0,1,1,1,1,1,1,1,1,1,1,1,1
1780596915,0.018677248936065795,0.051417407,1,0.003811534055292558,0.008863301513608373,0.0007498671788794025,0.00949795835495316,0.0020462424366432096,0.018677248936065795,0.003829260175960343,0.0003113026291515341,0.005415127442039655,0.00578789329387698,0.0024236770007209562,0.0006245479272383198,200.36198209656115,0,0,0,0,0,0,0,0,0,91336704,52731904,9093120,75182080,43667456,15036416,49442816,65810432,9347072,42414080,5689344,8908800,0,0,0,0,0,0,0,0,0,0,0,0,1,1,1,1,1,1,1,1,1,1,1,1
1780596930,0.018677248936065795,0.017146292,1,0.003917058690347581,0.008534708326920343,0.0006233206479956503,0.006698213382530502,0.002281873713781741,0.018677248936065795,0.004067597752227889,0.0004114876650885455,0.007391940456785969,0.006237504971496747,0.0027234647540635855,0.001097334488067756,200.36198209656115,0,0,0,0,0,0,0,86.91592751347453,0,91340800,52682752,9093120,75182080,43667456,15036416,49442816,66220032,9531392,42414080,5689344,9003008,0,0,0,0,0,0,0,0,0,0,0,0,1,1,1,1,1,1,1,1,1,1,1,1
1780596945,0.017655214954273614,0.018114086,1,0.002404243452958271,0.007842007349563694,0.0013866928270529553,0.008059844224581053,0.0023228018343769492,0.017655214954273614,0.0040087458932820145,0.0004294545987682944,0.00778297468217827,0.006094282803124654,0.0027411302640192115,0.0011008790803467298,219.70123635583448,0,0,0,0,0,0,0,89.37377263801004,0,91336704,52654080,9097216,74543104,43667456,14573568,49446912,66396160,9256960,42418176,5689344,8998912,0,0,0,0,0,0,0,0,0,0,0,0,1,1,1,1,1,1,1,1,1,1,1,1
1780596960,0.017628348420469637,0.08755103,1,0.002665500841984519,0.007931892176093528,0.0014812207894588547,0.008653847766827342,0.0022908059023836313,0.017628348420469637,0.004047605547286626,0.0020897713837674634,0.00805616953852251,0.005411506139898843,0.0016679250000000145,0.001142287979083217,0,0,0,0,0,0,0,0,0,0,91389952,52682752,9097216,74768384,43667456,15130624,49455104,65941504,9416704,42426368,5689344,9019392,0,0,0,0,0,0,0,0,0,0,0,0,1,1,1,1,1,1,1,1,1,1,1,1
1780596975,0.017046887608871294,0.064678571,1,0.0023057814256024437,0.007514237180167665,0.0008688634443375972,0.007337816178286173,0.002242561393243749,0.017046887608871294,0.0037758220459308068,0.0022413826894336136,0.008358666275927247,0.006068924036533681,0.0024842236732547734,0.0010662860355976416,0,0,0,0,0,0,0,0,0,0,91389952,52645888,9101312,74768384,43667456,15339520,49459200,66121728,9416704,42418176,5689344,9089024,0,0,0,0,0,0,0,0,0,0,0,0,1,1,1,1,1,1,1,1,1,1,1,1
1780596990,0.01673533671252692,0.084127041,1,0.0027900551162232585,0.0077568250758340415,0.0007116624790619776,0.00807772473993497,0.0018852145550671952,0.01673533671252692,0.003629250377000439,0.0022795661977881364,0.00806000458209226,0.005987348883196295,0.0024803639295174896,0.0010318881254234027,0,0,0,0,0,0,0,0,0,0,91389952,52674560,9105408,75132928,43667456,15089664,49459200,66379776,9527296,42418176,5689344,9097216,0,0,0,0,0,0,0,0,0,0,0,0,1,1,1,1,1,1,1,1,1,1,1,1
1780597005,0.01662534335320022,0.069605943,1,0.00265633088048721,0.00769844377212214,0.00047319464809385064,0.008016173387949983,0.002082328543919493,0.01662534335320022,0.003654264515987824,0.0006604553934682714,0.0076243233247031755,0.006127375539232899,0.002571395468589052,0.0009931207261227777,0,0,0,0,0,0,0,0,0,0,91389952,52682752,9166848,75714560,43667456,15495168,49463296,66478080,9527296,42418176,5689344,8785920,0,0,0,0,0,0,0,0,0,0,0,0,1,1,1,1,1,1,1,1,1,1,1,1
1780597020,0.016805371225235066,0.11623012,1,0.0017643500000000146,0.0066831275782359995,0.0005816015764958672,0.00518205205861459,0.002066801021093663,0.016805371225235066,0.0034765054602184033,0.0006095394010744358,0.0063840366170335085,0.00603897762195391,0.002519804130632197,0.0009534779891061672,0,0,0,0,0,0,0,0,0,0,91389952,52682752,9158656,75628544,43667456,14860288,49475584,66813952,9773056,42430464,5689344,8785920,0,0,0,0,0,0,0,0,0,0,0,0,1,1,1,1,1,1,1,1,1,1,1,1
1780597035,0.016861499603390236,0.054641354,1,0.0023970256777537916,0.007287918155245481,0.0008457931486372776,0.007528605083695263,0.0016064107953781925,0.016861499603390236,0.0037127628419141904,0.0003115927309685823,0.00803294231078259,0.006220962773561055,0.0024943792981837114,0.001221385871184292,0,0,0,0,0,0,0,0,0,0,91389952,52682752,9158656,76013568,43667456,15126528,49741824,66813952,9531392,42438656,5955584,8785920,0,0,0,0,0,0,0,0,0,0,0,0,1,1,1,1,1,1,1,1,1,1,1,1
1780597050,0.018168210057437562,0.015010944,1,0.0027127977028320155,0.007603783272530838,0.0012287104127656043,0.008016181967362365,0.002188878978499653,0.018168210057437562,0.00389006946398041,0.0005297891639563862,0.006913062047269232,0.005993115853523049,0.0023487300766141623,0.0012238436455859253,0,0,0,0,0,0,0,0,0,0,91414528,52654080,9162752,76427264,43667456,15077376,49479680,67211264,9691136,42434560,5689344,8785920,0,0,0,0,0,0,0,0,0,0,0,0,1,1,1,1,1,1,1,1,1,1,1,1
1780597065,0.01777994665122739,0.037466057,1,0.0023932990419911924,0.008167743567338704,0.0015375552909152885,0.010250186994265628,0.0021552143065409497,0.01777994665122739,0.004089769849135559,0.0005037729397013502,0.006489409776397315,0.005971533085380345,0.002395482673267355,0.0012853765347518955,0,0,0,0,0,0,0,0,0,0,91398144,52682752,9166848,76840960,43667456,15081472,49487872,67350528,9691136,42434560,5689344,8785920,0,0,0,0,0,0,0,0,0,0,0,0,1,1,1,1,1,1,1,1,1,1,1,1
1780597080,0.01670205625854972,0.01582355,1,0.002703618786489212,0.008167743567338704,0.0013081292431816772,0.009382135634623364,0.0021667511287201337,0.01670205625854972,0.003331906501793341,0.0004615934053518975,0.007456439005492143,0.005606027281873671,0.002354336448598124,0.0011115489786070521,0,0,0,0,0,0,0,0,0,0,91398144,52682752,9166848,76337152,43667456,15101952,49487872,66666496,9580544,42434560,5689344,8785920,0,0,0,0,0,0,0,0,0,0,0,0,1,1,1,1,1,1,1,1,1,1,1,1
1780597095,0.015031438845327637,0.018495905,1,0.001969285361421241,0.007677663465934973,0.000967330016583744,0.009810013671305996,0.001894466150144578,0.015031438845327637,0.0036163663828018273,0.0004706431819335976,0.0068595442841176985,0.005437612447853921,0.0023389331388826984,0.0008908696045606491,0,0,0,0,0,0,0,0,0,0,91521024,52711424,9166848,76529664,43667456,15171584,49500160,66666496,9576448,42442752,5689344,8785920,0,0,0,0,0,0,0,0,0,0,0,0,1,1,1,1,1,1,1,1,1,1,1,1
1780597110,0.015682453683509588,0.016588382,1,0.0024234785428601455,0.007374546573746445,0.0005817760436530035,0.008155557853376093,0.0018762742783560392,0.015682453683509588,0.003469024239836882,0.000541616592362782,0.0038203499999998063,0.004211453459640185,0.002210855733559931,0.0006856637168141606,0,0,0,0,0,0,0,0,0,0,91553792,52686848,9166848,77058048,43667456,15085568,49500160,67080192,9474048,42442752,5689344,8785920,0,0,0,0,0,0,0,0,0,0,0,0,1,1,1,1,1,1,1,1,1,1,1,1
